-1.1828269176705866 -0.62516166610940815 -0.50089752993035785 -0.30836889027465214 0.00086489329286230129 -0.56052241876895426 0.72921614589027028 -0.61442739835450955 -0.093680287557210487 0.74197418349442579 -0.003868814419100411 0.90289294535162501 0.63297341535751017 -0.61534608414304082 1.6561953581316027 0.55797492983172625 -0.011025973270605439 -0.58527991500395216 -0.83136737504067593 0.60779128404262872 -0.56537194119836187 1.2521728981228215 -0.14832244274315709 -1.3287097727993602 -0.81430900501924697 0.058052336766651176 0.4390211080639515 -0.0082386386319061675 0.64885596990175376 0.69061861474899899 -0.74887589374015073 0.71241398937974121 -0.19372374059468578 0.27074683349477463 -0.55649763432345167 0.026407999312259994 -0.55175723119251574 -0.21579766514785909 0.71698702843529516 -0.97741446347753569 -0.034031279179084599 0.63659005721997364 -0.25196345404048626 0.23172967899235186 -0.70276848142340009 0.45865419339854702 -0.44571489750777771 1.0605909443014214 -0.1489369664650681 -1.1908602632476197 -9.1146401897139671e-05 -0.45100968685545795 0.036401919190917488 0.6006653190265473 0.4636965201681934 0.17031512663096973 -0.62674251094873112 0.24617284611464491 0.025642828519874771 0.90494521290790464 -0.46093208809403735 0.16314585169898832 -0.46493991857420081 -0.53967544090807185 -0.35731251165589312 -0.30128370230512347 0.15948118452807578 -0.066689662681158571 -0.53867026094838222 0.48885000494004388 -0.055760098650270123 -0.53630007461800466 0.32917548866500418 -0.53589023880604292 1.2127704980263749 0.67086461160855915 0.29409078561320529 -0.86482648812715346 0.33159907538366656 0.16118615280905541 0.72945034622082672 -0.24623014830568621 -0.21384969080266922 0.8954348675548538 -1.0195250293975815 0.37369561143816843 0.050402134632236757 -0.063113112174739139 -0.82901132460213489 0.092516042878904151 -0.88969368138635563 -0.044477017225114747 -0.26044546663993107 0.62084682721477769 -1.2508175049845567 0.25393648464145357 -0.61286102337973525 0.10496415687940103 -0.64243945119076307 0.54535246903129286 -0.67639934499863774 0.28151101568349601 0.44109686619974298 0.89598983346586192 -0.60870969386073692 0.018078670744335758 0.71888300698965857 0.9619135816417721 -0.25260795222425197 -0.21895242474265225 0.23040924802134694 -0.65077226009510702 -0.55864339093991389 -0.84414691479983117 -0.093797121077006343 0.78464035002718757 -0.39583142250988013 -0.1517434399358274 -1.0621671914835056 0.20966045944035441
-0.22785871694617243 -0.62516166610940815 -0.50089752993035785 -1.6877292587340187 0.50097311014764145 1.5037887527851848 -0.22550355811154787 1.3203178898731156 -0.093680287557210487 1.2186114607713774 0.63013850325708731 -0.32458811352568501 0.63297341535751017 -0.61534608414304082 -0.52164372322786889 0.31177075144904054 -0.32947623347957572 0.17999006658866093 0.78715398692060767 -0.1618531541491553 -0.31960362173660084 -0.4320226015499084 -0.39059437715649059 0.088254916336378747 0.001641231768425719 -0.19581278040344188 -0.72354753678876083 -0.0082386386319061675 -0.28394506067353797 1.1704819183918307 -0.26901818520439608 -0.24436648700274358 0.071008962182382993 -0.0012769572725397041 -0.79261785295375997 0.2748065292493288 0.492377721598516 0.063829382871865667 -0.59767357366850082 -0.60634841855281529 0.46187764615295357 0.31977075931058996 0.49909480074659823 -0.045703442548176966 0.18439550088518139 0.16561055054758497 1.0370736140003094 0.5542732140391653 0.549375324259188 -1.1908602632476197 -9.1146401897139671e-05 -0.1972539576636842 2.0553481085374705 0.6006653190265473 0.21096324692043866 -0.11595082239941744 0.55860999759643881 0.62014438014875251 0.64802834480145566 -0.32297415202079138 0.71236891108502098 -1.0451936926385401 0.27940024692202325 -0.29234659574330923 0.11566606896191203 0.88607985512686172 -0.12844922276541756 -0.57565091109022071 -0.29127770402136938 -0.69845547773980676 0.59988374525649957 -0.23331599337635231 0.051095888103621985 -0.53589023880604292 -0.21817306736024758 0.67086461160855915 0.29409078561320529 0.72388806461346777 0.56848956179986565 -0.12648017682683538 0.25069633247316186 0.029264696784288901 0.98529774203289455 1.8761567939372958 -0.27421932381718894 0.37369561143816843 1.3570800877337283 1.1685636233139609 -0.018630423711463902 1.4363025870191617 -0.10527908310886332 0.20844185022286538 0.83414783335647547 1.393092057511258 0.07224131144214363 0.97235205696572802 0.15778783212743677 0.44374870098650765 0.29645387329852951 -0.44253879460511109 -0.91445374485811615 0.51942798279783764 0.18651749369605389 -0.66808917557401704 0.36487735235704977 -2.1705310977669909 -0.95405685795318007 -0.55863763749898721 -0.49126709637600191 0.97936679074451083 0.78563401933615196 -0.40928789806769911 0.47604281305812401 -0.040796228382497968 -0.093797121077006343 -0.04875436348714917 0.78439197707171859 -1.5510887163773293 0.96378813914913408 0.44962857001671613
-0.5143491771634966 0.13970516382647535 -0.50089752993035785 -0.19802006079790282 0.20090818003477406 0.67806428416352915 0.060912353088997485 -0.22747834070898451 -0.37714287741885699 0.36066436167286403 0.24973411265137466 0.11730506767014669 -0.125559340143267 0.15776383385791373 -0.086075906955974585 0.45949325847865202 -0.52054638960495792 0.33304406290718369 -0.50766310264841918 -0.62363981706422578 -0.1721426300595443 0.28977546973840435 0.04549510478750985 0.088254916336378747 -1.140689099734316 1.1750588523150607 -0.37477694333294709 -0.0082386386319061675 -0.09738485455847945 -0.26910799253666479 0.59472569015996235 0.32970179882674711 0.22984858384862433 0.48836586610862631 0.19908706529353484 -0.47038906056187729 -0.55175723119251574 0.23160561168370047 0.97991914885605447 0.50684971622134556 -0.72830377464393792 0.12967918056495978 0.49909480074659823 -0.21216331547249434 -0.34790288849996748 -0.010215635162992252 0.14740050709545699 0.5542732140391653 -0.28859942460991933 -0.042732889424434956 -0.56577657252601665 0.25950635488150858 0.23829653812557292 -0.013930330223430985 -0.54723657282282523 0.055808747018814935 0.70085229862185938 -0.50177022195357013 -0.84569689427433892 0.11907681935353928 0.0083883115775862244 -1.1901944379590434 0.1305322138227783 0.15284532555326347 -0.45190822777945411 -0.11130553311600574 0.044309021610678512 0.035102587000653857 0.74777103507208464 0.72631110147601419 0.59988374525649957 -0.77868733961132641 -0.11575187223320735 -0.10909046108600018 0.35420435879440126 -0.059553802096136324 0.0051970757348078871 0.40614515406534363 -0.14218189744873136 -0.64427957017143866 -0.89831330052123415 -0.13603221026969611 0.26580928233155632 0.69929048227836543 -0.42328046493326743 0.081144869855916041 0.57307331587283339 0.42955758202074096 0.46759811682293873 -0.1762412659491473 0.051603836546635119 -0.55031475212107472 -0.15098613664029031 -0.30584744914099871 -0.40405986247146852 -0.033429744288256111 0.0036580610260022357 -0.57260493133481216 0.48423253819638801 0.44656334266765252 -0.77162110494242908 -0.19432291854518685 -0.57722062381501305 -0.98090497738199278 0.55959476160060706 -0.10698474459916858 -0.23708263012053499 -0.25452739367083543 0.22471033607924817 0.26037526145221301 0.45249915654726897 0.02538395358163506 0.2691055722585165 -0.52280664023289791 0.47313114950717738 -0.21543330619001666 0.076257937322759387 0.12812561535247288 0.35600153995934231 0.59360943636253327
0.24962538341603452 0.64961638378373088 0.24805749612832736 -0.30836889027465214 0.00086489329286230129 0.12758130508242541 -0.70286341011245701 0.030487697721365465 0.37875736221220035 0.74197418349442579 -0.003868814419100411 0.41190052180070102 0.00086278577352920133 1.3174287108593454 0.20430263722528824 -0.42684178369901626 -0.011025973270605439 -0.075099927275543557 0.78715398692060767 0.094694991914772653 0.90923797557220398 0.28977546973840435 0.33622142608351002 -1.3287097727993602 0.27362464403098341 -0.95740813191372121 -0.14226321436240466 0.93458640114459379 -0.59487873753196874 0.69061861474899899 0.21083952333135847 -0.24436648700274358 0.33574166495945174 -0.27330074803985416 -0.55649763432345167 0.026407999312259994 0.14433273733483873 -0.77505176118730856 0.71698702843529516 0.50684971622134556 -0.52994020451112267 0.63659005721997364 -1.7540799636146556 0.78659592207340912 0.48011682832137514 1.6308287648023954 0.54281077683094714 1.0605909443014214 0.549375324259188 -0.2340874517282992 -0.47149566817199678 0.056501771528089481 0.54113846652755582 -0.42366076305674977 0.4636965201681934 0.17031512663096973 -1.100883514366799 -0.50177022195357013 0.025642828519874771 -1.059725770978009 0.12571841149549204 -0.80352578377103434 -0.46493991857420081 -0.045017750578546713 -0.35731251165589312 0.1736617206676706 0.15948118452807578 -1.084612159499283 -0.043885147094356536 1.0825027462799695 -0.055760098650270123 0.069668087865300057 0.32917548866500418 0.17544272406069492 -0.21817306736024758 -0.54649941123260037 -0.18739873085079053 -0.86482648812715346 0.80538004821606479 -1.5648118250062888 0.72945034622082672 -0.24623014830568621 -0.6935086639368947 -0.085287058827588108 0.47108638176320355 0.86128018074192247 0.050402134632236757 -0.063113112174739139 -0.28875739067502093 0.092516042878904151 0.67913551516862902 -0.044477017225114747 0.83414783335647547 0.10601667368379071 0.33685307472748383 0.25393648464145357 -0.61286102337973525 0.10496415687940103 -0.64243945119076307 -0.44253879460511109 -0.67639934499863774 0.28151101568349601 0.44109686619974298 0.89598983346586192 0.040348336951120847 0.64339574746185746 -1.1930482672307285 0.45506317526151913 -0.25260795222425197 0.73970294764707811 -0.32481552329345847 0.79813391206934003 0.82093821439080328 -0.30857979052160905 -0.093797121077006343 -0.32655260132526154 -0.39583142250988013 0.54792919828492326 -0.049189526167185881 -0.27027576171236872
1.2045935841404487 -0.62516166610940815 -0.50089752993035785 -0.86011303765839864 -0.24918921513452719 1.5037887527851848 1.2065759978911792 0.35294524575930303 0.61497618709690594 0.50365554485594977 0.63013850325708731 0.41190052180070102 0.63297341535751017 1.3174287108593454 -0.52164372322786889 -1.165454318847073 0.6258745471473347 -1.3505498965965654 0.78715398692060767 -0.1618531541491553 -1.0569085801218838 -0.4320226015499084 -1.1174101803964913 0.79673726090424823 0.81759146855609832 -0.19581278040344188 -0.72354753678876083 -0.71535741846428114 0.64885596990175376 -0.26910799253666479 -0.26901818520439608 0.47321887028411991 0.071008962182382993 -0.0012769572725397041 0.62410345882808982 1.0200021190605348 -0.55175723119251574 0.063829382871865667 0.38832187790934619 0.50684971622134556 0.46187764615295357 0.31977075931058996 0.49909480074659823 -0.87800280716976309 0.18439550088518139 1.0447414791004712 0.29567935824626584 0.5542732140391653 0.549375324259188 0.24429895403136118 -0.70719792905704648 0.56401322991163705 -0.21596635447740159 0.6006653190265473 0.21096324692043866 -0.11595082239941744 1.2698215027235407 -0.50177022195357013 -0.28554992962091591 1.1505290858936441 0.71236891108502098 -0.32018996603602295 -0.46493991857420081 0.44963993975097849 -0.59380180196479559 0.88607985512686172 0.73534199911506204 0.18779096152337268 0.45089996675966926 -0.69845547773980676 -0.38358202060365515 -0.23331599337635231 0.88533468978776875 -0.53589023880604292 -0.21817306736024758 -0.24215840552231041 0.29409078561320529 -0.070469211756842828 -0.85285335669732842 -0.12648017682683538 -1.185565708769833 -0.79721983848563638 0.26580928233155632 -0.33046754042319854 1.2163920873435961 -0.35768124251746269 0.3770716229076097 -0.3094484592724791 -0.018630423711463902 0.42846267891396855 -0.88969368138635563 -0.55031475212107472 -0.80774211663813433 -0.15139840308170269 0.86607660129816377 0.25393648464145357 0.15778783212743677 0.44374870098650765 -0.64243945119076307 1.0392981008494948 1.2280358538771896 0.51942798279783764 -0.57722062381501305 0.11395032894592241 0.36487735235704977 0.64339574746185746 -0.95405685795318007 -0.55863763749898721 0.94068776853449831 0.26037526145221301 -0.04720313763605577 0.31516518801452442 0.47604281305812401 0.76255445803483524 0.61486321715322345 -0.88214907700148593 0.076257937322759387 -0.501579759046203 -2.0751448567998256 -0.99018009344145352
-0.22785871694617243 -0.62516166610940815 0.060818739613656074 -0.44630492712058867 0.12589194750655713 0.47163316700811525 0.13251633088913389 -0.13074107629760326 -0.093680287557210487 0.50365554485594977 0.15463301499994642 -0.32458811352568501 -0.78927550120644729 0.35104131335815231 0.022816047111998975 -0.057535516124987862 -0.32947623347957572 -0.58527991500395216 -0.022106694060034137 -0.54667537324504734 1.155006295033965 -0.79292163719406483 0.33622142608351002 0.088254916336378747 0.40961635016226206 -0.19581278040344188 -0.72354753678876083 -0.0082386386319061675 0.18245545461410792 -0.26910799253666479 0.090875096197419916 -0.24436648700274358 0.071008962182382993 -0.0012769572725397041 0.62410345882808982 -0.84298685546748031 0.492377721598516 0.063829382871865667 -0.59767357366850082 -0.049749351165734854 -0.28198574184510361 0.31977075931058996 -0.064198890343715245 -0.46185312485897001 -0.25918649026910934 -0.27395491372885822 0.29567935824626584 -0.20520338135421912 0.025641106215995798 0.24429895403136118 0.70701563625325226 -0.57788755145134485 -0.973071175482359 0.21654303824531088 -0.92633648269445712 0.31344810114616312 0.20300424503288789 -0.50177022195357013 -0.28554992962091591 0.41377746693642631 0.2723810363928742 0.40481376056649415 -0.09276983582608879 0.44963993975097849 0.11566606896191203 -0.89496548102111595 0.30344638817482228 -0.19392997478342403 0.82198880215018866 -0.69845547773980676 -0.38358202060365515 0.22116012848612604 -0.36602351273845146 -0.53589023880604292 0.13956282398640804 0.21435310304312438 -0.42814348908278838 -0.070469211756842828 -0.49751762707302988 -0.55797967128067139 0.25069633247316186 0.44250696441925153 0.62555351218222544 0.40507390436363289 0.098433528973007292 -0.35768124251746269 0.3770716229076097 0.060054561374130927 -0.42382087415679937 -0.075457275138628002 0.28692821602988283 -0.17093645094910465 0.83414783335647547 -0.15139840308170269 -0.72159397841387651 0.25393648464145357 0.15778783212743677 -0.57260493133481216 -0.17299278894611675 -0.072079570741459653 -0.91445374485811615 -0.55119836921669907 0.18651749369605389 -0.66808917557401704 0.85167087546594311 -0.76356767515256674 -0.95405685795318007 0.9619135816417721 0.94068776853449831 -0.099120503193935908 0.36921544085004809 1.4018448171378597 -0.55864339093991389 -0.44247157159116457 0.26053304803810856 -0.46545172024431752 -1.3400101421751589 -0.501579759046203 0.96378813914913408 -0.99018009344145352
-0.22785871694617243 -0.62516166610940815 -0.50089752993035785 -0.86011303765839864 0.50097311014764145 -0.56052241876895426 -0.22550355811154787 -0.61442739835450955 1.3236326617510223 -0.21130037105947802 0.63013850325708731 1.8848777924534732 -3.1596903621463763 -0.61534608414304082 -0.52164372322786889 1.0503832865970972 -3.1955285753603069 0.94526004818127407 0.78715398692060767 -0.93149759234093932 -1.0569085801218838 1.7333716123150298 -1.1174101803964913 0.088254916336378747 0.81759146855609832 0.5657825711068375 -0.72354753678876083 -1.4224761982966561 0.64885596990175376 1.1704819183918307 -1.7085913108116599 -1.6795372015764705 -0.7231891461488229 0.81479441502940353 -1.500978508844685 -0.47038906056187729 -0.55175723119251574 0.90271052693103992 -0.59767357366850082 0.50684971622134556 1.949604422149068 -0.63068713441756119 0.49909480074659823 0.78659592207340912 1.0715594831937627 1.0447414791004712 1.0370736140003094 -0.96467997674760353 -1.5455615479135807 0.24429895403136118 -1.4143047117121959 0.56401322991163705 2.0553481085374705 0.6006653190265473 -0.54723657282282523 0.74284702469174368 1.2698215027235407 -0.50177022195357013 0.64802834480145566 -1.059725770978009 -1.0475825876835665 -0.32018996603602295 -0.46493991857420081 -1.034333131237597 -1.3032696728915032 0.1736617206676706 0.73534199911506204 -2.1025346563174074 1.9352553083217465 -0.69845547773980676 0.59988374525649957 0.67563625034860442 -0.7831429135805249 -0.53589023880604292 -1.64911663274687 -1.15518142265318 -1.150377763778782 -0.86482648812715346 1.2791610210484627 0.73651881208083658 1.6869583737161566 -0.79721983848563638 -1.1731676370711202 -1.0660089852100301 0.47108638176320355 0.37369561143816843 -0.60293684191850905 1.9075696646071809 0.79175047717920699 3.4519824032295481 0.67913551516862902 -0.55031475212107472 -0.80774211663813433 0.62084682721477769 -2.3092645581259168 1.6907676292900025 -0.61286102337973525 -0.57260493133481216 -0.64243945119076307 1.0392981008494948 -0.20029054527968088 -0.19432291854518685 -0.57722062381501305 -0.66808917557401704 -0.60870969386073692 0.64339574746185746 -0.23708263012053499 -0.55863763749898721 0.22471033607924817 -1.1776077971323826 -0.8800402946082635 0.31516518801452442 -0.55864339093991389 -0.84414691479983117 1.3235235553834532 0.78464035002718757 0.076257937322759387 0.54792919828492326 -0.55567835882534566 -0.27027576171236872
0.24962538341603452 1.2870054087303004 0.24805749612832736 -0.86011303765839864 -0.49924332356191675 0.12758130508242541 -0.22550355811154787 0.030487697721365465 -0.093680287557210487 -0.21130037105947802 -0.003868814419100411 1.3938853689025492 -0.63124784381045218 0.028912180857754571 0.20430263722528824 1.0503832865970972 -0.64792649368854593 -0.075099927275543557 -0.29186025438691476 -0.41840130021308336 -0.07383530227483992 1.2521728981228215 0.33622142608351002 0.088254916336378747 0.81759146855609832 -0.44967789757353499 0.4390211080639515 -0.0082386386319061675 0.026988616184892757 0.21075531110616691 -0.26901818520439608 -0.24436648700274358 -0.19372374059468578 0.27074683349477463 0.86022367745839823 -0.47038906056187729 -0.55175723119251574 0.34345643089159034 -0.59767357366850082 -0.23528237362809482 -1.0258491298431609 0.63659005721997364 0.49909480074659823 -0.32313656408870578 0.48011682832137514 -0.12743309230337718 0.048547939661584542 0.5542732140391653 0.549375324259188 1.201071765550682 0.47131337536820234 0.056501771528089481 0.54113846652755582 -0.42366076305674977 -0.041770026327316058 -0.40221677142980461 0.32153949588740477 0.24617284611464491 -0.59674268776170658 0.41377746693642631 0.12571841149549204 0.16314585169898832 0.52751363542076468 -0.53967544090807185 -1.3032696728915032 0.1736617206676706 0.15948118452807578 0.95123283413696613 -0.53867026094838222 0.48885000494004388 -0.055760098650270123 -0.53630007461800466 0.32917548866500418 -0.53589023880604292 -0.69515425582245516 0.062182600187979588 -0.66888824731478635 -0.86482648812715346 0.33159907538366656 -0.41414650646272616 0.25069633247316186 0.30475954187426391 -0.21384969080266922 -0.085287058827588108 -0.52265455901065316 -0.60147352716933977 1.3570800877337283 -0.063113112174739139 -0.28875739067502093 1.4363025870191617 -0.36675061586802749 -1.0561524870170347 -0.26044546663993107 0.10601667368379071 -0.72159397841387651 -0.22500723024139607 -1.1266269270511833 0.78253324509361422 1.2353471977878221 0.051406837213090729 0.27581825443927582 -0.19432291854518685 0.44109686619974298 -1.1894488452539769 -0.60870969386073692 0.64339574746185746 0.71888300698965857 0.45506317526151913 0.22471033607924817 -0.21895242474265225 0.78563401933615196 0.31516518801452442 -0.55864339093991389 -0.30857979052160905 0.37864310440981341 0.22904387435096318 0.076257937322759387 0.54792919828492326 -0.049189526167185881 0.68959668059307788
-0.22785871694617243 1.2870054087303004 -0.50089752993035785 0.79511940449284124 0.00086489329286230129 0.12758130508242541 0.72921614589027028 0.030487697721365465 -0.093680287557210487 -0.21130037105947802 -1.2718834497714762 -0.079091901750223043 0.63297341535751017 0.028912180857754571 -0.52164372322786889 0.065566573066354827 0.6258745471473347 -0.58527991500395216 -0.29186025438691476 0.094694991914772653 -0.07383530227483992 -0.19142324445380421 -0.14832244274315709 0.088254916336378747 0.27362464403098341 -0.44967789757353499 1.6015897529166638 -0.47965115852015616 0.64885596990175376 0.21075531110616691 0.21083952333135847 -0.24436648700274358 0.33574166495945174 -0.27330074803985416 -0.084257197062835049 0.026407999312259994 -0.55175723119251574 -0.21579766514785909 -0.59767357366850082 0.50684971622134556 -0.034031279179084599 -0.63068713441756119 -0.25196345404048626 -0.32313656408870578 -0.11132582655101249 -0.12743309230337718 0.54281077683094714 -0.45836224648534729 0.549375324259188 -0.2340874517282992 -9.1146401897139671e-05 1.0715246882951843 0.036401919190917488 0.6006653190265473 -1.0527031193183345 -0.97474866949057848 -0.15260150753066307 -0.50177022195357013 -0.59674268776170658 0.41377746693642631 0.71236891108502098 0.64648166943399998 0.52751363542076468 0.44963993975097849 0.58864464957971696 0.1736617206676706 0.15948118452807578 -0.57565091109022071 -1.033455374802408 -0.69845547773980676 0.59988374525649957 -1.1422682371013091 -0.22698371245776033 0.17544272406069492 0.73578930956416755 0.67086461160855915 -0.18739873085079053 0.19431654703326068 0.33159907538366656 -0.98947916573450734 -0.22805768127450315 0.85574923205421416 -0.6935086639368947 0.40507390436363289 0.47108638176320355 0.86128018074192247 0.050402134632236757 -0.55578380637021918 0.25149654325209303 0.76440931494903286 -0.36675061586802749 -0.55031475212107472 0.2868511833582722 1.1356769807457645 0.33685307472748383 -0.22500723024139607 -0.099095119708287341 0.78253324509361422 -0.016510568197901355 -0.93648442642331309 0.27581825443927582 -0.67015685277386994 0.44109686619974298 -1.7108085149339365 -0.60870969386073692 0.018078670744335758 0.24090018843456165 -0.051787231118734213 -1.2072445288312521 0.26037526145221301 -0.32481552329345847 -0.65077226009510702 -0.55864339093991389 -0.84414691479983117 -0.093797121077006343 -0.32655260132526154 -0.39583142250988013 -0.1517434399358274 -1.0621671914835056 -0.27027576171236872
-0.22785871694617243 -0.62516166610940815 -0.50089752993035785 -0.032496816582778684 0.50097311014764145 1.5037887527851848 -0.22550355811154787 0.35294524575930303 -0.093680287557210487 -0.21130037105947802 0.63013850325708731 -0.32458811352568501 0.63297341535751017 0.35104131335815231 -0.52164372322786889 0.31177075144904054 0.6258745471473347 0.94526004818127407 -0.022106694060034137 -0.93149759234093932 -0.31960362173660084 -1.1538206728382212 0.33622142608351002 0.088254916336378747 0.81759146855609832 1.3273779226171167 -0.72354753678876083 0.69888014120046871 0.64885596990175376 0.45068696292758292 0.45076837759923588 -0.24436648700274358 0.86520707051358892 -0.0012769572725397041 -0.084257197062835049 0.2748065292493288 0.492377721598516 0.063829382871865667 -0.59767357366850082 0.50684971622134556 0.46187764615295357 -0.63068713441756119 0.49909480074659823 0.78659592207340912 -0.70276848142340009 0.16561055054758497 0.29567935824626584 1.3137498094325497 0.549375324259188 -1.1908602632476197 -9.1146401897139671e-05 -0.1972539576636842 0.54113846652755582 0.6006653190265473 -0.54723657282282523 0.74284702469174368 -0.15260150753066307 0.62014438014875251 0.64802834480145566 -0.32297415202079138 -1.0475825876835665 1.1298174871690112 -0.46493991857420081 -0.29234659574330923 -0.59380180196479559 -0.53875641379152039 0.73534199911506204 0.95123283413696613 -0.29127770402136938 -0.69845547773980676 0.59988374525649957 -0.23331599337635231 0.051095888103621985 -0.53589023880604292 0.49729871533306363 -0.24215840552231041 0.29409078561320529 -0.86482648812715346 -0.85285335669732842 -0.12648017682683538 0.25069633247316186 -0.79721983848563638 -0.45367917736978192 -1.0660089852100301 -0.27421932381718894 -1.0890580964730938 2.3370885525598473 -1.0484545005656991 0.79175047717920699 -0.57937722919122459 -0.10527908310886332 0.20844185022286538 0.83414783335647547 0.62084682721477769 -0.72159397841387651 -0.46447908768282081 0.15778783212743677 1.4601023333078276 1.2353471977878221 1.0392981008494948 -0.20029054527968088 0.51942798279783764 -0.57722062381501305 0.89598983346586192 -0.60870969386073692 -0.29457986761442534 0.4798915977121101 -0.55863763749898721 0.22471033607924817 -1.1776077971323826 0.78563401933615196 1.0396182740967479 -0.55864339093991389 1.5659051444521683 -0.80245745930723611 -0.88214907700148593 0.076257937322759387 -0.501579759046203 0.20405489016189418 0.44962857001671613
0.48836743359713813 0.33092187131044615 -0.50089752993035785 0.38131129395503127 -0.99935154041669583 -0.044444625880419468 -0.5835234471122297 0.35294524575930303 -1.5109932368654433 -0.56877832901719194 0.15463301499994642 -0.32458811352568501 0.63297341535751017 -0.61534608414304082 0.022816047111998975 -0.79614805127304467 0.6258745471473347 -0.20264492420764563 -0.42673703455035505 0.22296906494673671 0.04904885745604063 0.28977546973840435 -0.75400227877649095 -0.9744686005154255 -0.40633388662541059 0.18498489535169779 -0.28758429496899368 0.3453207512842813 0.18245545461410792 -0.26910799253666479 -0.628911466606212 0.11442619164068817 -0.7231891461488229 -0.0012769572725397041 -0.79261785295375997 0.2748065292493288 -0.029689754796999868 -0.35561118915772144 -0.59767357366850082 -0.60634841855281529 0.46187764615295357 0.31977075931058996 0.49909480074659823 -0.045703442548176966 1.0715594831937627 -0.27395491372885822 -0.81641202538479951 0.17453491634247312 0.025641106215995798 0.60308875835110642 -9.1146401897139671e-05 0.1833796361239764 -0.59451876497988032 0.21654303824531088 0.21096324692043866 0.31344810114616312 -0.50820726009421402 -0.50177022195357013 0.1812392075902699 -0.32297415202079138 -0.16760683829927267 0.042311897265235592 -0.09276983582608879 0.44963993975097849 -0.59380180196479559 0.1736617206676706 0.30344638817482228 -0.57565091109022071 -0.29127770402136938 0.63726319027502532 -0.87531490353373254 -0.23331599337635231 0.46821528894569542 0.53110920549406393 -0.21817306736024758 -0.69866991408774515 -0.067026351734791545 0.32670942642831252 -0.14218189744873136 -0.12648017682683538 0.25069633247316186 0.029264696784288901 0.62555351218222544 0.037303181970217189 -1.0195250293975815 0.0080071844603528675 -0.11293260950544966 -0.3094484592724791 -0.42382087415679937 -0.075457275138628002 -0.10527908310886332 -0.55031475212107472 -0.39726962913948183 0.62084682721477769 -0.72159397841387651 -0.46447908768282081 -0.61286102337973525 -0.064428115174152228 -0.17299278894611675 0.66883887698584332 0.51387265429875439 0.51942798279783764 0.56838655245158731 0.50497008120589215 -0.60870969386073692 0.17440793992371609 -0.23708263012053499 0.58177577685658233 -0.49126709637600191 -0.4586162678400848 0.78563401933615196 0.31516518801452442 -0.041300288940894943 0.36087911482616863 -0.80245745930723611 0.78464035002718757 0.076257937322759387 -0.501579759046203 0.20405489016189418 0.089676404152173719
-0.22785871694617243 0.33092187131044615 -0.50089752993035785 -0.032496816582778684 -0.99935154041669583 1.5037887527851848 -0.94154333611291141 -0.61442739835450955 1.3236326617510223 -0.21130037105947802 0.63013850325708731 0.41190052180070102 -1.2633584733944332 0.35104131335815231 -0.52164372322786889 -1.165454318847073 0.6258745471473347 0.17999006658866093 -0.83136737504067593 -0.1618531541491553 -1.0569085801218838 -0.4320226015499084 -0.39059437715649059 -0.62022742823149069 0.001641231768425719 -0.19581278040344188 0.14837894685077346 -0.71535741846428114 -0.28394506067353797 0.45068696292758292 1.1705549404028679 0.47321887028411991 0.86520707051358892 -0.0012769572725397041 -0.79261785295375997 0.2748065292493288 1.5365126743895476 -0.77505176118730856 0.38832187790934619 -0.60634841855281529 1.2057410341510109 0.31977075931058996 -0.62749258143402875 -0.87800280716976309 1.0715594831937627 1.0447414791004712 -0.44571489750777771 0.5542732140391653 -0.4980931118271964 -0.47328065460812929 -9.1146401897139671e-05 0.56401322991163705 -0.973071175482359 -0.93582380409839827 0.21096324692043866 -0.11595082239941744 -0.15260150753066307 -0.50177022195357013 -0.28554992962091591 -0.32297415202079138 0.71236891108502098 1.1298174871690112 0.27940024692202325 0.44963993975097849 0.11566606896191203 0.1736617206676706 -0.12844922276541756 0.18779096152337268 0.45089996675966926 1.0825027462799695 0.59988374525649957 -1.1422682371013091 1.7195734914719156 0.53110920549406393 -0.21817306736024758 0.67086461160855915 -0.42814348908278838 -0.86482648812715346 -0.14218189744873136 -0.12648017682683538 -0.46743468814833561 -0.79721983848563638 -0.45367917736978192 -1.0660089852100301 -1.0195250293975815 -1.0890580964730938 -0.60293684191850905 -1.0484545005656991 -0.018630423711463902 1.4363025870191617 -0.10527908310886332 -0.55031475212107472 0.013202858359170618 -0.923643633378183 0.86607660129816377 0.25393648464145357 0.15778783212743677 1.4601023333078276 0.29645387329852951 -0.44253879460511109 -0.20029054527968088 0.51942798279783764 0.18651749369605389 0.11395032894592241 0.36487735235704977 0.64339574746185746 0.4798915977121101 0.9619135816417721 0.22471033607924817 -0.4586162678400848 -0.04720313763605577 0.31516518801452442 -0.55864339093991389 -0.040796228382497968 1.3235235553834532 -0.04875436348714917 1.4925260168206778 0.54792919828492326 -0.55567835882534566 -0.27027576171236872
0.48836743359713813 1.2870054087303004 0.62253500915767013 0.79511940449284124 -0.99935154041669583 0.47163316700811525 -0.22550355811154787 0.35294524575930303 -0.80233676221132688 0.50365554485594977 0.63013850325708731 -1.0610767488520711 0.63297341535751017 2.2838161083605386 1.6561953581316027 -1.165454318847073 0.6258745471473347 -1.3505498965965654 1.5964146679012494 -0.1618531541491553 -0.31960362173660084 0.28977546973840435 -0.39059437715649059 0.79673726090424823 0.001641231768425719 -0.19581278040344188 -0.72354753678876083 0.69888014120046871 -1.2167460912488297 -0.26910799253666479 -1.7085913108116599 0.47321887028411991 0.071008962182382993 -0.0012769572725397041 0.62410345882808982 -0.47038906056187729 0.492377721598516 -0.77505176118730856 1.3743173294871933 -0.60634841855281529 0.46187764615295357 0.31977075931058996 -0.62749258143402875 -0.045703442548176966 -0.70276848142340009 1.0447414791004712 -0.44571489750777771 -0.96467997674760353 -0.4980931118271964 -0.47328065460812929 0.70701563625325226 -0.1972539576636842 -0.973071175482359 -0.16757924253592552 -1.305436392566089 -0.11595082239941744 1.2698215027235407 0.62014438014875251 -0.28554992962091591 0.41377746693642631 -1.0475825876835665 -0.32018996603602295 -0.46493991857420081 0.44963993975097849 0.11566606896191203 0.1736617206676706 -0.99224044464589722 0.18779096152337268 0.45089996675966926 -0.69845547773980676 -0.38358202060365515 0.67563625034860442 0.051095888103621985 -0.53589023880604292 -0.21817306736024758 -0.24215840552231041 -0.42814348908278838 0.72388806461346777 0.56848956179986565 0.73651881208083658 -1.185565708769833 0.029264696784288901 0.26580928233155632 0.40507390436363289 -0.27421932381718894 -0.35768124251746269 1.3570800877337283 0.42955758202074096 0.79175047717920699 -0.57937722919122459 -0.88969368138635563 0.96719845256680548 0.83414783335647547 -0.923643633378183 0.07224131144214363 -0.46447908768282081 -0.61286102337973525 -0.57260493133481216 -0.64243945119076307 0.29837965312219183 -0.91445374485811615 -0.19432291854518685 -0.57722062381501305 0.11395032894592241 0.36487735235704977 -0.29457986761442534 -0.23708263012053499 0.20163797207139245 0.22471033607924817 0.97936679074451083 0.78563401933615196 -0.40928789806769911 0.47604281305812401 -0.040796228382497968 -0.093797121077006343 -0.04875436348714917 0.076257937322759387 0.54792919828492326 -1.3154116078125855 -0.99018009344145352
-0.22785871694617243 0.13970516382647535 -0.051524514295146692 -0.52906654922815077 -0.39922168019096088 -0.56052241876895426 0.060912353088997485 0.15947071693654055 -0.37714287741885699 -0.21130037105947802 0.63013850325708731 -0.47188584059096217 -0.125559340143267 -0.22879112514256356 0.34949190931591978 -0.1313967696397936 0.24373423489657062 0.33304406290718369 -0.18395883025616247 -0.0079242665107985329 -0.7619865967677707 0.0010562412230793186 0.6269477473795102 0.37164785416352647 -0.16154881558910894 -0.043493710101386043 1.0203054304903079 0.27460887330104372 0.27573555767163715 0.30672797183473327 0.88264031528141507 -0.53140062991748893 -0.7231891461488229 -0.16449123173292832 0.76577559000627493 0.42384564721157014 0.2835507310403097 -0.10394684593996914 -0.59767357366850082 0.50684971622134556 -0.72830377464393792 -0.25050397692630072 -0.4021751049979031 -1.2109225530183976 0.0069627044234651199 0.69308910767931686 -0.14915719520616036 0.25048257588181161 0.549375324259188 0.24429895403136118 -0.28293385946395683 0.25950635488150858 0.23829653812557292 -0.013930330223430985 -0.54723657282282523 0.39932788585527929 -0.15260150753066307 -0.50177022195357013 0.64802834480145566 -0.76502512339512208 0.71236891108502098 -0.030188475395016179 -0.16720385237571125 0.44963993975097849 -0.73569537615013714 -0.39627278689968226 0.38982551036287028 0.34047933604609149 0.74777103507208464 -0.69845547773980676 0.20649743891243774 0.67563625034860442 0.2179436484404513 0.31770931663404256 0.64039307187172601 0.30565540475621139 0.29409078561320529 0.088402243517219273 -0.14218189744873136 -0.29907997460836994 -0.89831330052123415 -0.4666260243776662 -0.021986101548978912 0.99350706019309798 -0.42328046493326743 -0.21140587172633651 0.18106992994238599 0.42955758202074096 -0.18070660388959806 -0.1762412659491473 0.67913551516862902 -0.55031475212107472 0.17739185335863156 0.31194873509618559 -0.086525746529060546 -0.033429744288256111 -0.30460148117686647 0.24047797452224376 -0.64243945119076307 0.1501959635767311 0.085374734551693157 0.091177441992022851 0.033769870193840375 0.27035822984991048 -0.60870969386073692 0.64339574746185746 -0.81066201238665114 -0.86274788132713898 1.0838832550255484 -0.027221350264706068 -0.21377056903049746 -0.55417851528414386 0.68298005385773153 0.44121418346790203 -0.093797121077006343 0.45128246462145294 -0.20699567857682422 -0.71148155051242834 -0.2517850592304498 -0.27027576171236872
1.2045935841404487 1.2870054087303004 1.745967548245698 -0.86011303765839864 -0.99935154041669583 -0.56052241876895426 -0.22550355811154787 -0.61442739835450955 1.3236326617510223 -0.21130037105947802 0.63013850325708731 -1.0610767488520711 0.63297341535751017 1.3174287108593454 -0.52164372322786889 -0.42684178369901626 0.6258745471473347 0.94526004818127407 -0.83136737504067593 2.1470801604261971 -1.0569085801218838 -1.1538206728382212 -1.1174101803964913 0.088254916336378747 0.81759146855609832 0.5657825711068375 1.0203054304903079 -1.4224761982966561 0.64885596990175376 -0.26910799253666479 1.1705549404028679 -0.24436648700274358 -2.3115853628112348 0.81479441502940353 -1.500978508844685 -1.9607802401842893 1.5365126743895476 -0.77505176118730856 -0.59767357366850082 0.50684971622134556 1.949604422149068 -0.63068713441756119 -1.7540799636146556 -0.87800280716976309 -0.70276848142340009 -0.71352037800530133 -0.44571489750777771 -0.96467997674760353 0.549375324259188 0.24429895403136118 -9.1146401897139671e-05 0.56401322991163705 -0.973071175482359 -0.93582380409839827 -0.54723657282282523 -0.97474866949057848 -1.575024517784867 -0.50177022195357013 -1.2191282040432876 0.41377746693642631 -1.0475825876835665 1.1298174871690112 -0.46493991857420081 0.44963993975097849 -1.3032696728915032 -1.2511745482507115 0.73534199911506204 -0.57565091109022071 -1.033455374802408 -0.69845547773980676 0.59988374525649957 0.67563625034860442 0.88533468978776875 -0.53589023880604292 -1.64911663274687 -1.15518142265318 0.29409078561320529 -0.86482648812715346 -0.14218189744873136 -0.98947916573450734 0.25069633247316186 -0.79721983848563638 0.26580928233155632 -1.0660089852100301 1.9616977929239885 0.37369561143816843 -0.60293684191850905 -1.0484545005656991 -0.82901132460213489 -0.57937722919122459 -0.88969368138635563 -0.55031475212107472 -0.80774211663813433 -0.923643633378183 -0.72159397841387651 -1.1828946600070953 -0.61286102337973525 1.4601023333078276 -0.64243945119076307 -0.44253879460511109 1.2280358538771896 -1.6218247212312358 -0.57722062381501305 -0.66808917557401704 1.3384643985748366 0.64339574746185746 -0.23708263012053499 0.9619135816417721 -1.2072445288312521 -1.1776077971323826 0.78563401933615196 0.31516518801452442 -0.55864339093991389 -0.84414691479983117 -1.5111177975374659 -0.88214907700148593 -1.3400101421751589 -1.5510887163773293 -0.55567835882534566 1.1695329017458009
-0.80083963738082098 -0.24272825114146637 0.84722151697527559 -0.19802006079790282 0.20090818003477406 0.2652020498527014 0.060912353088997485 0.15947071693654055 0.75670748202772931 -0.78326510379182024 0.24973411265137466 -0.47188584059096217 0.63297341535751017 -0.61534608414304082 0.34949190931591978 0.45949325847865202 0.24373423489657062 0.026936070270138172 -0.50766310264841918 0.29993350876591518 -0.7619865967677707 -0.28766298729224588 -0.2452312165084905 -0.19513802149076898 -0.48792891030417795 -0.043493710101386043 -0.37477694333294709 0.27460887330104372 -0.8436256790187131 0.59464595402043263 0.018896439917056654 0.042667655912001751 -0.087830659483858334 0.1619373171878489 -0.93428998413194486 0.42384564721157014 -0.55175723119251574 0.56715806930737023 0.58552096822491562 0.061570462311681326 -0.1332130642454922 0.12967918056495978 0.49909480074659823 -0.21216331547249434 0.71669389027033037 0.69308910767931686 -0.14915719520616036 -0.053308062275542252 0.13038794982463434 0.81836264094295341 -0.28293385946395683 -0.045000520148619993 -0.67022924708037601 0.6006653190265473 0.36260321086909159 0.055808747018814935 -0.72157071163234465 0.39576145972828802 -0.84569689427433892 -0.17562382822934788 -0.69559228792984895 0.2598130152459906 0.1305322138227783 -0.14394928864445172 0.11566606896191203 -0.11130553311600574 -0.30120746714151364 0.035102587000653857 -0.73658430648999251 -0.69845547773980676 0.59988374525649957 -0.05152554463136081 -0.11575187223320735 -0.10909046108600018 -0.50436178043757207 -0.059553802096136324 0.29409078561320529 -0.22934066703090492 0.14208668625070739 -0.29907997460836994 -0.32380848402403611 -0.13603221026969611 -0.30978148542951428 0.40507390436363289 -0.12515818270111048 -0.21140587172633651 0.18106992994238599 0.13395516550345299 0.46759811682293873 -0.1762412659491473 -0.88969368138635563 0.056690529754077242 0.50576984335755359 0.31194873509618559 -1.0391280943562846 0.54130271357116333 -0.30460148117686647 0.24047797452224376 -0.64243945119076307 0.44656334266765252 -0.20029054527968088 -0.19432291854518685 -0.27172537681058628 -0.35527337376604134 -0.60870969386073692 -0.10698474459916858 0.62328644327863925 -0.25452739367083543 -0.92085355584915207 -0.31481796198162526 0.11936429375838592 -0.55417851528414386 -0.14476890934069872 0.44121418346790203 0.1896670142150855 0.11792457921571832 -0.77350291037599161 0.54792919828492326 -0.55567835882534566 -0.27027576171236872
-0.94408486748948306 -0.62516166610940815 -0.50089752993035785 0.79511940449284124 -0.24918921513452719 -0.56052241876895426 -0.22550355811154787 0.35294524575930303 -0.80233676221132688 0.50365554485594977 0.63013850325708731 -0.32458811352568501 -0.31519252901846151 0.35104131335815231 0.56727581745186695 -0.42684178369901626 -1.2848270141064861 -0.58527991500395216 0.78715398692060767 1.3774357222344129 -0.31960362173660084 0.28977546973840435 -0.39059437715649059 0.088254916336378747 0.81759146855609832 -0.19581278040344188 -0.72354753678876083 -0.0082386386319061675 0.64885596990175376 0.45068696292758292 1.1705549404028679 1.1908042275709834 0.86520707051358892 -0.817348329574483 0.62410345882808982 1.0200021190605348 -0.55175723119251574 0.063829382871865667 1.3743173294871933 -0.60634841855281529 0.46187764615295357 1.2702286530387412 0.49909480074659823 0.78659592207340912 1.0715594831937627 -0.71352037800530133 -0.44571489750777771 0.5542732140391653 0.549375324259188 0.24429895403136118 0.70701563625325226 -0.95852114523900545 -0.21596635447740159 0.6006653190265473 0.21096324692043866 -0.11595082239941744 1.2698215027235407 -0.50177022195357013 -0.28554992962091591 0.41377746693642631 -1.9275583370678602 0.40481376056649415 0.27940024692202325 -0.29234659574330923 0.11566606896191203 -0.53875641379152039 -0.12844922276541756 -0.57565091109022071 0.45089996675966926 1.0825027462799695 -0.38358202060365515 0.67563625034860442 0.051095888103621985 -0.53589023880604292 0.49729871533306363 0.67086461160855915 0.29409078561320529 -0.070469211756842828 -0.14218189744873136 -0.98947916573450734 -0.46743468814833561 -0.79721983848563638 0.26580928233155632 -0.33046754042319854 0.47108638176320355 -1.0890580964730938 0.3770716229076097 -1.0484545005656991 0.79175047717920699 -0.57937722919122459 0.67913551516862902 -0.55031475212107472 0.013202858359170618 -0.15139840308170269 0.07224131144214363 -0.46447908768282081 -0.61286102337973525 -0.57260493133481216 -0.64243945119076307 0.29837965312219183 1.2280358538771896 1.233178884140862 0.18651749369605389 0.89598983346586192 -0.60870969386073692 0.64339574746185746 0.4798915977121101 0.9619135816417721 -1.2072445288312521 0.97936679074451083 -0.04720313763605577 0.31516518801452442 0.47604281305812401 -0.040796228382497968 -0.80245745930723611 -0.04875436348714917 0.076257937322759387 0.54792919828492326 -0.55567835882534566 -1.7100844251705385
1.2045935841404487 -0.62516166610940815 0.62253500915767013 0.79511940449284124 -0.99935154041669583 -0.56052241876895426 0.49053621988981572 -0.61442739835450955 -0.093680287557210487 0.50365554485594977 0.63013850325708731 -0.32458811352568501 -0.31519252901846151 0.35104131335815231 -0.52164372322786889 1.0503832865970972 -0.32947623347957572 0.17999006658866093 -0.022106694060034137 -0.93149759234093932 0.41770133664868214 -0.4320226015499084 0.33622142608351002 -0.62022742823149069 0.001641231768425719 0.5657825711068375 -0.72354753678876083 0.69888014120046871 0.64885596990175376 1.1704819183918307 0.45076837759923588 -0.24436648700274358 -0.7231891461488229 0.81479441502940353 -0.084257197062835049 1.0200021190605348 1.5365126743895476 0.063829382871865667 -0.59767357366850082 0.50684971622134556 0.46187764615295357 1.2702286530387412 -0.62749258143402875 -0.045703442548176966 0.18439550088518139 -0.71352037800530133 -1.1871091532618212 0.5542732140391653 0.549375324259188 -0.47328065460812929 -1.4143047117121959 0.56401322991163705 -0.973071175482359 -0.16757924253592552 0.96916306666370255 0.74284702469174368 0.55860999759643881 0.62014438014875251 0.64802834480145566 0.41377746693642631 -0.16760683829927267 0.40481376056649415 -0.46493991857420081 1.1916264752452661 -0.59380180196479559 0.1736617206676706 -0.99224044464589722 0.18779096152337268 0.45089996675966926 0.19202363427008126 -1.3670477864638098 -0.23331599337635231 0.051095888103621985 -0.53589023880604292 -0.93364485005355879 -1.15518142265318 0.29409078561320529 0.72388806461346777 0.56848956179986565 -0.98947916573450734 0.25069633247316186 -0.79721983848563638 -0.45367917736978192 -1.0660089852100301 -0.27421932381718894 0.37369561143816843 2.3370885525598473 0.42955758202074096 -0.018630423711463902 0.42846267891396855 -0.10527908310886332 0.96719845256680548 0.013202858359170618 -0.923643633378183 -0.72159397841387651 -0.46447908768282081 0.92843668763460874 0.44374870098650765 -0.64243945119076307 -1.9243756900597169 -0.91445374485811615 -0.19432291854518685 0.18651749369605389 0.11395032894592241 -0.60870969386073692 0.64339574746185746 -0.95405685795318007 0.9619135816417721 1.6566652009897485 0.26037526145221301 0.78563401933615196 -0.40928789806769911 -0.55864339093991389 -0.040796228382497968 -0.093797121077006343 -0.04875436348714917 0.78439197707171859 0.54792919828492326 -0.55567835882534566 -0.27027576171236872
0.13025435832548285 -0.14711989739948098 0.060818739613656074 -0.032496816582778684 -0.62427037777561156 -0.56052241876895426 0.13251633088913389 -0.61442739835450955 -0.093680287557210487 0.50365554485594977 0.15463301499994642 -0.69283243118887805 -0.31519252901846151 -0.61534608414304082 0.56727581745186695 -0.42684178369901626 -0.80715162379303085 0.17999006658866093 0.38252364643028675 -0.54667537324504734 0.04904885745604063 -0.4320226015499084 -0.39059437715649059 -0.26598625594755598 0.40961635016226206 0.5657825711068375 0.14837894685077346 -0.0082386386319061675 0.64885596990175376 -0.62900547026878861 -0.26901818520439608 -0.24436648700274358 0.46810801634798593 0.4067587288784319 0.26992313088262743 0.2748065292493288 0.492377721598516 -0.35561118915772144 -0.59767357366850082 0.50684971622134556 0.089945952153924993 -0.15545818755348562 -0.064198890343715245 -0.045703442548176966 -0.70276848142340009 -0.27395491372885822 -0.44571489750777771 -0.58494167905091132 -1.0218273298703886 -0.11449085028838407 -0.70719792905704648 0.1833796361239764 0.16258605602507711 -0.16757924253592552 0.59006315679207066 0.74284702469174368 0.55860999759643881 -0.50177022195357013 0.1812392075902699 0.045401657457817449 0.71236891108502098 0.042311897265235592 1.0237404124182472 0.44963993975097849 0.47040000442526586 -0.53875641379152039 0.30344638817482228 0.18779096152337268 -0.29127770402136938 1.0825027462799695 0.10815086232642218 0.67563625034860442 -0.36602351273845146 -0.0023905166559895202 0.13956282398640804 -0.24215840552231041 -0.78926062643078521 0.32670942642831252 0.56848956179986565 0.30501931762700063 0.25069633247316186 -0.79721983848563638 -0.093934947519112799 1.1406153491504643 -0.27421932381718894 0.0080071844603528675 -0.11293260950544966 0.060054561374130927 0.38656002673387158 0.42846267891396855 -0.49748638224760949 -0.55031475212107472 -0.39726962913948183 1.0069694423630178 -0.32467633348586644 0.6131442708035908 0.54311225988102274 0.95192551714716755 -0.17299278894611675 0.29837965312219183 -0.20029054527968088 -0.19432291854518685 -0.19535156505947956 -0.66808917557401704 0.36487735235704977 0.17440793992371609 0.12140448379578757 0.58177577685658233 0.22471033607924817 0.26037526145221301 0.78563401933615196 -0.047061355026587356 -0.041300288940894943 -0.44247157159116457 0.26053304803810856 0.78464035002718757 0.076257937322759387 0.54792919828492326 -0.17581173433172576 -0.27027576171236872
0.72710948377824181 -0.62516166610940815 -0.50089752993035785 -0.30836889027465214 0.00086489329286230129 0.81568502893380501 0.25185629388936104 0.030487697721365465 -0.093680287557210487 -0.21130037105947802 -0.003868814419100411 0.41190052180070102 -1.2633584733944332 0.67317044585855002 0.20430263722528824 0.55797492983172625 -0.011025973270605439 0.4350800604528654 0.2476468662668464 0.094694991914772653 -0.56537194119836187 0.77097418393061279 0.82076529491017702 0.56057647938162491 -0.27034218049413195 -0.44967789757353499 -0.72354753678876083 0.46317388125634368 0.026988616184892757 1.1704819183918307 -0.26901818520439608 0.71241398937974121 -0.19372374059468578 0.81479441502940353 -0.55649763432345167 0.026407999312259994 0.14433273733483873 -0.21579766514785909 1.3743173294871933 -0.97741446347753569 0.95778657148499158 -0.63068713441756119 0.49909480074659823 -0.32313656408870578 0.48011682832137514 -0.12743309230337718 0.048547939661584542 -0.96467997674760353 0.549375324259188 -0.2340874517282992 -9.1146401897139671e-05 1.0715246882951843 0.036401919190917488 0.088502277984898695 -0.041770026327316058 0.74284702469174368 -0.62674251094873112 0.99411591418285994 -1.2191282040432876 -0.077390279035052217 0.12571841149549204 1.1298174871690112 0.52751363542076468 -0.045017750578546713 -0.35731251165589312 1.1235525666132589 0.73534199911506204 -1.5935734079083455 0.45089996675966926 -0.10480273639988145 -0.055760098650270123 0.67563625034860442 0.32917548866500418 0.8867756869274328 -0.69515425582245516 -0.54649941123260037 -0.18739873085079053 -0.33525497054694642 0.80538004821606479 0.73651881208083658 1.6869583737161566 -0.24623014830568621 -0.21384969080266922 -0.57564802201880905 -1.0195250293975815 -0.60147352716933977 0.050402134632236757 -1.0484545005656991 1.332004411106321 -0.57937722919122459 0.67913551516862902 -0.044477017225114747 -0.80774211663813433 0.10601667368379071 -1.2508175049845567 -1.1828946600070953 0.41467078396316087 0.10496415687940103 -0.64243945119076307 0.54535246903129286 -0.67639934499863774 -0.19432291854518685 0.44109686619974298 -0.14672950589405753 -0.60870969386073692 -1.8578725594082302 -0.23708263012053499 -1.0654880438792405 0.22471033607924817 0.73970294764707811 0.23040924802134694 0.31516518801452442 0.13114741172544467 -0.30857979052160905 0.37864310440981341 0.22904387435096318 0.076257937322759387 0.54792919828492326 -0.55567835882534566 0.20966045944035441
0.13025435832548285 -0.14711989739948098 -0.50089752993035785 -0.032496816582778684 0.50097311014764145 -0.044444625880419468 -0.22550355811154787 0.8366315678162094 0.26064794976984773 0.14617758689823585 0.15463301499994642 0.043656204137508023 0.63297341535751017 -0.61534608414304082 0.022816047111998975 -0.057535516124987862 -0.32947623347957572 -0.20264492420764563 0.38252364643028675 -0.1618531541491553 0.04904885745604063 0.28977546973840435 -0.39059437715649059 0.088254916336378747 0.40961635016226206 0.18498489535169779 -0.28758429496899368 -1.0689168083804685 -0.7503455759611839 -0.26910799253666479 0.8106616590010518 1.1908042275709834 0.86520707051358892 0.4067587288784319 0.62410345882808982 -0.097791265656274245 0.492377721598516 0.48326995490145275 0.38832187790934619 0.50684971622134556 -0.28198574184510361 0.31977075931058996 -0.064198890343715245 -0.045703442548176966 -0.25918649026910934 -0.27395491372885822 -0.44571489750777771 -0.20520338135421912 0.025641106215995798 -0.11449085028838407 0.35346224492567757 -0.57788755145134485 -0.21596635447740159 -0.16757924253592552 -0.16813666295119326 -0.54534974594499797 -1.575024517784867 -0.50177022195357013 0.1812392075902699 0.78215327641503518 -0.16760683829927267 -1.0451936926385401 -0.09276983582608879 -0.66333986349045304 0.47040000442526586 0.52987078789726616 -0.12844922276541756 0.56951189783016942 -0.29127770402136938 -0.69845547773980676 0.59988374525649957 -0.68779211523883066 -0.36602351273845146 -0.53589023880604292 -0.21817306736024758 0.67086461160855915 -0.067026351734791545 -0.070469211756842828 -0.85285335669732842 -0.12648017682683538 -0.82650019845908429 -0.38397757085067374 0.26580928233155632 0.037303181970217189 0.098433528973007292 0.0080071844603528675 0.867075855320669 0.79906060266735091 -0.42382087415679937 -0.57937722919122459 -0.49748638224760949 0.20844185022286538 0.013202858359170618 -0.5375210182299428 0.4691589563701537 -0.10527130152068362 0.15778783212743677 -0.064428115174152228 0.76590053554317583 -0.072079570741459653 0.51387265429875439 -0.19432291854518685 -0.19535156505947956 -0.66808917557401704 -0.60870969386073692 -0.76356767515256674 0.4798915977121101 0.20163797207139245 -0.49126709637600191 -0.099120503193935908 0.36921544085004809 -0.40928789806769911 0.47604281305812401 -0.040796228382497968 0.26053304803810856 0.36794299327001917 0.43032495719723896 0.023174719619360164 0.20405489016189418 0.089676404152173719
-0.22785871694617243 -0.62516166610940815 0.62253500915767013 0.79511940449284124 0.50097311014764145 0.47163316700811525 -0.94154333611291141 -0.61442739835450955 -0.093680287557210487 0.50365554485594977 -0.32087247325719448 0.41190052180070102 0.63297341535751017 1.3174287108593454 -0.52164372322786889 -0.42684178369901626 0.6258745471473347 0.17999006658866093 -0.83136737504067593 -0.93149759234093932 1.155006295033965 -1.1538206728382212 -1.1174101803964913 -1.3287097727993602 0.001641231768425719 0.5657825711068375 -0.72354753678876083 0.69888014120046871 0.64885596990175376 -0.26910799253666479 1.1705549404028679 1.1908042275709834 0.071008962182382993 1.6308657873313468 0.62410345882808982 1.0200021190605348 -0.55175723119251574 0.90271052693103992 -0.59767357366850082 -0.60634841855281529 -1.0258491298431609 -0.63068713441756119 0.49909480074659823 -0.87800280716976309 -0.70276848142340009 -0.71352037800530133 1.0370736140003094 -0.96467997674760353 0.549375324259188 0.24429895403136118 0.70701563625325226 -0.1972539576636842 -0.21596635447740159 0.6006653190265473 -0.54723657282282523 0.74284702469174368 1.2698215027235407 -0.50177022195357013 0.64802834480145566 -0.32297415202079138 -0.16760683829927267 -0.32018996603602295 0.27940024692202325 -0.29234659574330923 0.82513393988861972 0.1736617206676706 -0.99224044464589722 0.95123283413696613 1.1930776375407079 1.0825027462799695 0.59988374525649957 -0.23331599337635231 -0.7831429135805249 1.5981086497941708 0.49729871533306363 0.67086461160855915 0.29409078561320529 -0.86482648812715346 -0.85285335669732842 0.73651881208083658 -0.46743468814833561 -0.79721983848563638 -0.45367917736978192 -0.33046754042319854 0.47108638176320355 -1.0890580964730938 -0.60293684191850905 1.1685636233139609 -0.82901132460213489 0.42846267891396855 -0.10527908310886332 0.20844185022286538 0.013202858359170618 0.62084682721477769 0.86607660129816377 -1.1828946600070953 0.92843668763460874 -0.57260493133481216 -0.64243945119076307 -0.44253879460511109 -0.20029054527968088 -0.19432291854518685 0.95025561120712077 0.11395032894592241 0.36487735235704977 0.64339574746185746 0.4798915977121101 0.9619135816417721 0.94068776853449831 0.97936679074451083 -0.04720313763605577 0.31516518801452442 -0.55864339093991389 -0.040796228382497968 -0.80245745930723611 0.78464035002718757 0.076257937322759387 0.54792919828492326 0.20405489016189418 -0.99018009344145352
-0.22785871694617243 0.33092187131044615 0.62253500915767013 0.79511940449284124 -0.99935154041669583 -0.56052241876895426 -0.22550355811154787 -0.61442739835450955 -0.80233676221132688 -0.21130037105947802 0.63013850325708731 0.41190052180070102 -1.2633584733944332 -0.61534608414304082 -0.52164372322786889 -1.165454318847073 -0.32947623347957572 -0.58527991500395216 0.78715398692060767 -0.93149759234093932 -0.31960362173660084 -1.1538206728382212 1.0630372293235106 1.5052196054721176 -0.81430900501924697 0.5657825711068375 0.14837894685077346 -0.71535741846428114 -1.2167460912488297 0.45068696292758292 -1.7085913108116599 0.47321887028411991 -0.7231891461488229 -0.817348329574483 0.62410345882808982 -1.2155846503730834 -0.55175723119251574 0.063829382871865667 0.38832187790934619 0.50684971622134556 -0.28198574184510361 1.2702286530387412 0.49909480074659823 0.78659592207340912 0.18439550088518139 0.16561055054758497 0.29567935824626584 1.3137498094325497 -0.4980931118271964 -0.47328065460812929 0.70701563625325226 -0.1972539576636842 0.54113846652755582 0.6006653190265473 -1.305436392566089 0.74284702469174368 1.2698215027235407 -0.50177022195357013 -0.28554992962091591 -1.059725770978009 0.71236891108502098 0.40481376056649415 1.0237404124182472 1.1916264752452661 0.82513393988861972 -0.53875641379152039 -0.12844922276541756 -1.3390927837038142 0.45089996675966926 0.19202363427008126 0.59988374525649957 -0.23331599337635231 -0.7831429135805249 -0.53589023880604292 1.2127704980263749 0.67086461160855915 -0.42814348908278838 -0.070469211756842828 0.56848956179986565 -0.98947916573450734 0.96882735309465928 0.029264696784288901 0.26580928233155632 0.40507390436363289 -0.27421932381718894 0.37369561143816843 0.3770716229076097 0.42955758202074096 -0.018630423711463902 -0.57937722919122459 -0.10527908310886332 0.96719845256680548 -0.80774211663813433 -0.15139840308170269 0.07224131144214363 0.25393648464145357 0.15778783212743677 0.44374870098650765 0.29645387329852951 -0.44253879460511109 -0.20029054527968088 0.51942798279783764 0.95025561120712077 0.89598983346586192 0.36487735235704977 -1.2325554826907081 -0.95405685795318007 -0.55863763749898721 -0.49126709637600191 -1.1776077971323826 -0.8800402946082635 1.0396182740967479 0.47604281305812401 0.76255445803483524 0.61486321715322345 0.78464035002718757 -0.63187610242619974 0.54792919828492326 0.96378813914913408 0.44962857001671613
0.24962538341603452 0.012227358837161374 -0.12642001690101526 0.51924733080096785 0.75102721857503107 -0.21647055684326441 -0.46418348411200233 0.030487697721365465 0.14253853732749508 -0.21130037105947802 0.31313484441899325 0.65739673357616313 0.31691810056551944 0.028912180857754571 0.20430263722528824 0.55797492983172625 -0.011025973270605439 0.17999006658866093 0.2476468662668464 0.35124313797870077 0.17193301718692119 0.049176112642300158 0.57849336049684363 0.32441569785900198 0.27362464403098341 0.058052336766651176 0.14837894685077346 -0.0082386386319061675 0.026988616184892757 -0.26910799253666479 0.21083952333135847 -0.48356160609836468 -0.19372374059468578 -0.0012769572725397041 -0.55649763432345167 0.026407999312259994 0.14433273733483873 -0.77505176118730856 0.059656727383397147 0.13578367129662511 0.21392318348693456 -0.63068713441756119 0.12356567335305574 0.23172967899235186 -0.70276848142340009 -0.12743309230337718 -0.44571489750777771 0.30111434890803723 0.549375324259188 0.24429895403136118 0.94271789713830212 -0.1972539576636842 0.28877019285923672 -0.16757924253592552 0.21096324692043866 -0.40221677142980461 0.084468994178371004 0.24617284611464491 0.33683558666066504 -0.32297415202079138 0.41904366129025633 0.64648166943399998 -0.71305330707294212 -0.045017750578546713 -0.59380180196479559 0.64860714364046457 0.44741159182156875 -0.83013153529475181 -0.043885147094356536 -0.10480273639988145 -0.055760098650270123 -0.23331599337635231 0.051095888103621985 -0.53589023880604292 0.25880812110195978 0.062182600187979588 0.53483554384520327 -0.33525497054694642 0.33159907538366656 0.16118615280905541 -0.46743468814833561 0.30475954187426391 0.025979795764443623 0.40507390436363289 -0.77108979420411727 0.12990332678629143 -0.60293684191850905 -0.063113112174739139 -0.28875739067502093 -0.24343059315616022 -0.10527908310886332 0.71427958511882528 -0.80774211663813433 0.36343175044928427 -0.19237045184319654 -0.46447908768282081 -0.099095119708287341 -0.23382038722770554 0.29645387329852951 0.051406837213090729 0.75192705415823291 -0.67015685277386994 0.18651749369605389 0.37463016378590236 -0.60870969386073692 0.018078670744335758 -0.23708263012053499 -0.55863763749898721 -0.49126709637600191 0.020711418354780443 0.23040924802134694 0.31516518801452442 -0.55864339093991389 -0.040796228382497968 -0.56623734656382629 0.22904387435096318 0.31230261723907921 0.54792919828492326 -0.049189526167185881 -0.030307651136006978
-0.22785871694617243 -0.62516166610940815 0.62253500915767013 -0.032496816582778684 1.2511354354298101 -0.56052241876895426 -0.94154333611291141 -0.61442739835450955 1.3236326617510223 0.50365554485594977 -0.32087247325719448 -1.0610767488520711 0.63297341535751017 0.35104131335815231 -0.52164372322786889 -1.165454318847073 -0.32947623347957572 0.17999006658866093 -0.83136737504067593 0.60779128404262872 0.41770133664868214 1.7333716123150298 0.33622142608351002 0.79673726090424823 0.81759146855609832 -0.19581278040344188 -0.72354753678876083 1.4059989210328436 0.64885596990175376 -0.9889029480009125 0.45076837759923588 0.47321887028411991 0.86520707051358892 -0.0012769572725397041 -0.79261785295375997 -0.47038906056187729 -0.55175723119251574 0.063829382871865667 -0.59767357366850082 -0.60634841855281529 -1.0258491298431609 0.31977075931058996 -0.62749258143402875 -0.045703442548176966 1.0715594831937627 1.9238724076533578 -0.44571489750777771 -0.96467997674760353 0.549375324259188 0.24429895403136118 -0.70719792905704648 1.3252804174869581 -0.973071175482359 0.6006653190265473 0.21096324692043866 0.74284702469174368 -0.15260150753066307 0.62014438014875251 0.64802834480145566 1.1505290858936441 0.71236891108502098 0.40481376056649415 1.0237404124182472 -0.29234659574330923 -0.59380180196479559 0.1736617206676706 0.73534199911506204 0.95123283413696613 -0.29127770402136938 0.19202363427008126 0.59988374525649957 -0.23331599337635231 0.051095888103621985 -0.53589023880604292 -0.21817306736024758 0.67086461160855915 -0.42814348908278838 0.72388806461346777 -1.5635248159459254 0.73651881208083658 0.25069633247316186 -0.79721983848563638 -1.1731676370711202 -1.0660089852100301 -1.0195250293975815 -0.35768124251746269 0.3770716229076097 -1.0484545005656991 -0.018630423711463902 1.4363025870191617 -0.88969368138635563 0.20844185022286538 -0.80774211663813433 -0.15139840308170269 0.07224131144214363 0.97235205696572802 -0.61286102337973525 -0.57260493133481216 1.2353471977878221 -0.44253879460511109 -0.20029054527968088 0.51942798279783764 -0.57722062381501305 0.11395032894592241 0.36487735235704977 0.64339574746185746 -0.95405685795318007 0.20163797207139245 0.22471033607924817 -1.1776077971323826 0.78563401933615196 0.31516518801452442 -0.55864339093991389 -0.040796228382497968 -0.80245745930723611 0.78464035002718757 0.78439197707171859 0.54792919828492326 0.96378813914913408 0.44962857001671613
0.24962538341603452 0.012227358837161374 -0.50089752993035785 -0.30836889027465214 -0.49924332356191675 0.12758130508242541 0.72921614589027028 0.030487697721365465 -0.093680287557210487 0.74197418349442579 0.63013850325708731 -0.079091901750223043 -0.63124784381045218 0.028912180857754571 0.20430263722528824 -0.42684178369901626 -0.011025973270605439 -1.095459902732361 1.3266611075743688 1.6339838682983407 -0.56537194119836187 -0.67262195864601271 -0.14832244274315709 -0.38406664670886764 -0.81430900501924697 0.5657825711068375 1.0203054304903079 -0.0082386386319061675 0.64885596990175376 0.21075531110616691 -1.2287336022759054 -0.24436648700274358 0.86520707051358892 0.27074683349477463 -0.55649763432345167 0.026407999312259994 -0.55175723119251574 -0.77505176118730856 -0.59767357366850082 0.50684971622134556 -0.52994020451112267 0.0029514614012061996 0.49909480074659823 -0.87800280716976309 -0.11132582655101249 -0.12743309230337718 0.54281077683094714 -0.96467997674760353 -0.84724925718932464 1.201071765550682 0.47131337536820234 0.56401322991163705 0.036401919190917488 -0.93582380409839827 0.4636965201681934 0.17031512663096973 -0.15260150753066307 -0.50177022195357013 0.64802834480145566 -0.077390279035052217 0.71236891108502098 -0.32018996603602295 -0.46493991857420081 -0.045017750578546713 -0.35731251165589312 0.1736617206676706 0.15948118452807578 -0.066689662681158571 -0.043885147094356536 -0.10480273639988145 -0.055760098650270123 -0.53630007461800466 0.32917548866500418 0.8867756869274328 1.2127704980263749 0.67086461160855915 -0.18739873085079053 -0.33525497054694642 -0.61596287028112939 0.73651881208083658 0.72945034622082672 -0.79721983848563638 -0.21384969080266922 -0.085287058827588108 -0.025784088623724839 -0.11388895786558571 -0.60293684191850905 0.42955758202074096 -0.82901132460213489 -0.57937722919122459 1.2020785806869572 -1.0561524870170347 -0.80774211663813433 -0.40881347984719618 0.86607660129816377 -0.22500723024139607 -0.099095119708287341 0.10496415687940103 -0.016510568197901355 0.051406837213090729 0.27581825443927582 -0.19432291854518685 -0.57722062381501305 -0.14672950589405753 0.040348336951120847 0.018078670744335758 -0.23708263012053499 -0.55863763749898721 1.1793469126862484 0.26037526145221301 0.78563401933615196 0.31516518801452442 1.510729017056162 -0.84414691479983117 -0.093797121077006343 0.78464035002718757 1.4925260168206778 -0.1517434399358274 0.96378813914913408 1.1695329017458009
-0.22785871694617243 -0.30646715363612337 0.24805749612832736 0.51924733080096785 0.50097311014764145 -0.56052241876895426 0.013176367888906746 -0.29196985031657208 0.14253853732749508 0.26533690621747369 -0.003868814419100411 -0.079091901750223043 -0.31519252901846151 0.35104131335815231 -0.15867054300129035 0.065566573066354827 -0.32947623347957572 -0.84036990886815655 -0.022106694060034137 -0.1618531541491553 0.17193301718692119 0.28977546973840435 0.33622142608351002 0.32441569785900198 0.001641231768425719 -0.70354301474362813 -0.72354753678876083 0.46317388125634368 0.026988616184892757 -0.029176340715248772 -0.02908933093651864 -0.0051713679071223083 0.33574166495945174 -0.27330074803985416 -0.084257197062835049 0.52320505918639759 -0.20371224692883852 0.34345643089159034 0.38832187790934619 -0.60634841855281529 -0.77789466717714184 0.0029514614012061996 -0.25196345404048626 -0.32313656408870578 -0.70276848142340009 -0.42047673515433925 -0.19858347892309641 -0.45836224648534729 0.549375324259188 0.0051057511515310667 0.47131337536820234 1.3252804174869581 -0.21596635447740159 0.088502277984898695 -0.29450329957507049 -0.11595082239941744 0.084468994178371004 -0.12779868791946264 0.025642828519874771 -0.077390279035052217 0.41904366129025633 -0.32018996603602295 0.27940024692202325 0.20231109458621596 -0.12082322134699047 0.64860714364046457 -0.12844922276541756 0.44227158572790393 1.6878627513947335 -0.69845547773980676 0.27206182330311446 -0.23331599337635231 -0.22698371245776033 -0.18022375737267401 0.49729871533306363 0.36652360589826916 -0.18739873085079053 -0.33525497054694642 0.094708588967467769 -0.41414650646272616 0.011319325599329419 0.029264696784288901 -0.6935086639368947 -0.085287058827588108 0.22265114656973942 0.12990332678629143 -0.60293684191850905 -0.3094484592724791 -0.28875739067502093 0.092516042878904151 -0.10527908310886332 -0.29739588467309452 -0.5340937916390327 -0.40881347984719618 0.07224131144214363 0.25393648464145357 -0.35597807154401112 -0.23382038722770554 -0.32947500969433219 -0.68951161051421206 -0.20029054527968088 0.75734494991217916 -0.068061878807635187 -0.40740934073403712 0.36487735235704977 0.64339574746185746 0.24090018843456165 0.20163797207139245 -0.96858538467950206 0.73970294764707811 0.23040924802134694 0.31516518801452442 0.13114741172544467 0.22698733375661304 0.85108332989663349 0.78464035002718757 0.076257937322759387 0.19809287917454771 0.45729930649097428 0.20966045944035441
0.84648050886879345 0.80896364002037335 -0.50089752993035785 -0.032496816582778684 -0.24918921513452719 -0.56052241876895426 -0.22550355811154787 0.8366315678162094 0.26064794976984773 -0.21130037105947802 0.15463301499994642 -0.32458811352568501 0.15889044316952433 -0.13215238539244425 -0.52164372322786889 -0.42684178369901626 0.6258745471473347 0.17999006658866093 -0.42673703455035505 -0.1618531541491553 -0.31960362173660084 -0.071123565905752029 0.33622142608351002 -0.26598625594755598 0.40961635016226206 -0.19581278040344188 -0.72354753678876083 -0.36179802854809362 -0.7503455759611839 -0.26910799253666479 0.8106616590010518 0.47321887028411991 0.071008962182382993 -0.40931264342351131 -0.084257197062835049 -0.097791265656274245 -0.55175723119251574 0.063829382871865667 0.88131960369826967 -0.049749351165734854 0.83380934015198216 0.31977075931058996 -0.064198890343715245 -0.045703442548176966 -0.70276848142340009 -0.71352037800530133 0.66637648612328759 -0.58494167905091132 0.549375324259188 -0.11449085028838407 0.70701563625325226 -0.1972539576636842 -0.21596635447740159 -0.55170152331716193 0.21096324692043866 0.74284702469174368 -0.50820726009421402 -0.50177022195357013 -0.28554992962091591 -0.32297415202079138 0.71236891108502098 0.042311897265235592 -0.09276983582608879 0.44963993975097849 -0.23906786650144179 -0.53875641379152039 0.73534199911506204 0.95123283413696613 -0.29127770402136938 0.19202363427008126 0.59988374525649957 0.22116012848612604 0.051095888103621985 -0.53589023880604292 -0.21817306736024758 0.21435310304312438 -0.067026351734791545 0.72388806461346777 -0.14218189744873136 0.73651881208083658 0.96882735309465928 -0.38397757085067374 0.26580928233155632 0.037303181970217189 0.098433528973007292 0.73938403841598399 0.3770716229076097 0.060054561374130927 -0.018630423711463902 0.42846267891396855 -0.10527908310886332 0.58782015139483546 0.42367534585782307 1.0069694423630178 0.07224131144214363 0.97235205696572802 0.54311225988102274 -0.064428115174152228 -0.17299278894611675 -0.44253879460511109 -0.20029054527968088 -0.19432291854518685 -0.57722062381501305 0.50497008120589215 0.36487735235704977 -1.2325554826907081 0.12140448379578757 0.58177577685658233 -0.84925581260362704 -0.4586162678400848 -0.46362171612215963 -0.40928789806769911 0.47604281305812401 -0.040796228382497968 -0.80245745930723611 0.36794299327001917 0.43032495719723896 -0.501579759046203 -0.93554498331896563 0.089676404152173719
-0.22785871694617243 -0.62516166610940815 -0.50089752993035785 -1.6877292587340187 -0.24918921513452719 -0.56052241876895426 0.49053621988981572 -0.61442739835450955 0.61497618709690594 -0.21130037105947802 -0.32087247325719448 0.41190052180070102 -1.2633584733944332 -0.61534608414304082 -0.52164372322786889 -0.42684178369901626 -1.2848270141064861 0.17999006658866093 -0.83136737504067593 -0.1618531541491553 -0.31960362173660084 1.011573541026717 1.0630372293235106 -1.3287097727993602 0.81759146855609832 0.5657825711068375 -0.72354753678876083 0.69888014120046871 -0.28394506067353797 1.1704819183918307 0.45076837759923588 -0.24436648700274358 -0.7231891461488229 -0.817348329574483 0.62410345882808982 1.0200021190605348 -0.55175723119251574 -0.77505176118730856 -0.59767357366850082 0.50684971622134556 -0.28198574184510361 0.31977075931058996 -0.62749258143402875 -0.045703442548176966 -0.70276848142340009 -0.71352037800530133 -1.1871091532618212 -0.20520338135421912 0.549375324259188 0.24429895403136118 -9.1146401897139671e-05 -0.95852114523900545 -0.21596635447740159 -0.16757924253592552 0.21096324692043866 0.74284702469174368 0.55860999759643881 -0.50177022195357013 -0.28554992962091591 1.1505290858936441 0.71236891108502098 0.40481376056649415 -1.2092800840704248 -0.29234659574330923 0.11566606896191203 0.1736617206676706 0.73534199911506204 0.18779096152337268 -1.033455374802408 0.19202363427008126 -0.38358202060365515 -0.23331599337635231 -0.7831429135805249 0.53110920549406393 0.49729871533306363 -0.24215840552231041 0.29409078561320529 -0.070469211756842828 -0.85285335669732842 -0.12648017682683538 -1.185565708769833 0.029264696784288901 0.26580928233155632 -0.33046754042319854 -0.27421932381718894 0.37369561143816843 -0.60293684191850905 -0.3094484592724791 -0.018630423711463902 1.4363025870191617 0.67913551516862902 0.96719845256680548 0.013202858359170618 -0.15139840308170269 0.86607660129816377 0.25393648464145357 0.15778783212743677 1.4601023333078276 0.29645387329852951 0.29837965312219183 0.51387265429875439 -0.90807381988821134 -1.34095874132608 0.11395032894592241 -0.60870969386073692 -0.29457986761442534 -0.23708263012053499 0.20163797207139245 -0.49126709637600191 0.26037526145221301 -0.8800402946082635 1.0396182740967479 -0.55864339093991389 0.76255445803483524 -0.093797121077006343 -0.88214907700148593 0.076257937322759387 -0.501579759046203 -0.55567835882534566 0.44962857001671613
-1.6603110180327936 -0.62516166610940815 1.745967548245698 0.79511940449284124 -0.99935154041669583 -0.56052241876895426 -0.22550355811154787 1.3203178898731156 -1.5109932368654433 -0.21130037105947802 -1.2718834497714762 -1.0610767488520711 0.63297341535751017 1.3174287108593454 -0.52164372322786889 -1.9040668539951298 0.6258745471473347 -0.58527991500395216 -0.83136737504067593 2.1470801604261971 1.8923112534192481 0.28977546973840435 -1.1174101803964913 0.088254916336378747 -0.81430900501924697 0.5657825711068375 -0.72354753678876083 -0.0082386386319061675 0.64885596990175376 -0.26910799253666479 -0.26901818520439608 1.1908042275709834 0.86520707051358892 -0.817348329574483 -0.084257197062835049 -0.47038906056187729 -0.55175723119251574 2.5804728150493883 -0.59767357366850082 0.50684971622134556 -1.0258491298431609 -0.63068713441756119 0.49909480074659823 0.78659592207340912 -0.70276848142340009 -0.71352037800530133 1.0370736140003094 -0.96467997674760353 0.549375324259188 -1.1908602632476197 -9.1146401897139671e-05 0.56401322991163705 0.54113846652755582 0.6006653190265473 0.96916306666370255 -0.97474866949057848 -0.15260150753066307 -0.50177022195357013 0.64802834480145566 1.8872807048508617 -1.0475825876835665 1.1298174871690112 1.0237404124182472 0.44963993975097849 -1.3032696728915032 -1.2511745482507115 -0.99224044464589722 0.95123283413696613 1.9352553083217465 -0.69845547773980676 0.59988374525649957 0.67563625034860442 -0.7831429135805249 -0.53589023880604292 -0.21817306736024758 0.67086461160855915 1.7385593350051927 -0.86482648812715346 -1.5635248159459254 0.73651881208083658 -1.185565708769833 0.85574923205421416 -1.1731676370711202 0.40507390436363289 -1.0195250293975815 0.37369561143816843 1.3570800877337283 1.9075696646071809 0.79175047717920699 1.4363025870191617 -0.88969368138635563 -0.55031475212107472 -0.80774211663813433 0.62084682721477769 0.86607660129816377 1.6907676292900025 -0.61286102337973525 -0.57260493133481216 -0.64243945119076307 1.0392981008494948 1.2280358538771896 -0.19432291854518685 0.95025561120712077 0.89598983346586192 1.3384643985748366 0.64339574746185746 -0.23708263012053499 0.9619135816417721 0.22471033607924817 0.26037526145221301 0.78563401933615196 -1.1337409841499226 1.510729017056162 -0.84414691479983117 -0.093797121077006343 -0.88214907700148593 -1.3400101421751589 -1.5510887163773293 -0.55567835882534566 -0.27027576171236872
0.24962538341603452 0.012227358837161374 -0.50089752993035785 0.24337525710909477 -0.49924332356191675 0.12758130508242541 -0.70286341011245701 -0.61442739835450955 0.85119501198161152 -0.21130037105947802 -0.63787613209528848 -0.079091901750223043 -1.2633584733944332 -0.61534608414304082 -0.52164372322786889 0.55797492983172625 0.6258745471473347 0.4350800604528654 0.2476468662668464 0.094694991914772653 0.41770133664868214 -0.19142324445380421 -0.6328663115698242 0.088254916336378747 0.81759146855609832 1.0735128054470235 0.4390211080639515 -0.0082386386319061675 -0.59487873753196874 -0.26910799253666479 -0.26901818520439608 0.23402375118849864 0.33574166495945174 -0.27330074803985416 -1.500978508844685 0.026407999312259994 1.5365126743895476 -0.21579766514785909 -0.59767357366850082 0.50684971622134556 -0.52994020451112267 0.0029514614012061996 0.49909480074659823 -0.32313656408870578 0.48011682832137514 0.45865419339854702 -0.44571489750777771 0.5542732140391653 0.549375324259188 -0.71247385748795955 -0.94290018994209646 0.56401322991163705 0.54113846652755582 -0.42366076305674977 -0.041770026327316058 0.17031512663096973 0.32153949588740477 0.24617284611464491 0.64802834480145566 -0.56855802500653063 0.71236891108502098 -0.32018996603602295 0.52751363542076468 -0.53967544090807185 -0.35731251165589312 1.1235525666132589 -0.41637963005891093 -1.084612159499283 -0.53867026094838222 -0.69845547773980676 -0.055760098650270123 -0.53630007461800466 0.88533468978776875 0.17544272406069492 -0.21817306736024758 -0.54649941123260037 -0.66888824731478635 -0.33525497054694642 0.80538004821606479 0.16118615280905541 -0.70681169502216812 0.30475954187426391 0.26580928233155632 -0.085287058827588108 -0.52265455901065316 0.86128018074192247 -0.60293684191850905 0.42955758202074096 -0.28875739067502093 0.092516042878904151 0.15619244965030074 -0.044477017225114747 -0.80774211663813433 0.62084682721477769 -0.72159397841387651 0.25393648464145357 -1.1266269270511833 0.10496415687940103 -0.016510568197901355 -0.44253879460511109 0.75192705415823291 -0.19432291854518685 0.44109686619974298 -0.14672950589405753 0.040348336951120847 -0.60723840597318635 -0.23708263012053499 -1.0654880438792405 -0.25260795222425197 -0.69828011093751741 -0.8800402946082635 -0.16780353604029133 -0.55864339093991389 -0.84414691479983117 0.37864310440981341 0.22904387435096318 0.54834729715539876 -0.1517434399358274 -0.049189526167185881 0.20966045944035441
0.48836743359713813 -0.62516166610940815 0.62253500915767013 -1.6877292587340187 0.50097311014764145 -0.56052241876895426 0.49053621988981572 -0.61442739835450955 -0.80233676221132688 0.50365554485594977 0.63013850325708731 -0.32458811352568501 -0.31519252901846151 1.3174287108593454 0.56727581745186695 -0.42684178369901626 0.6258745471473347 0.17999006658866093 0.78715398692060767 -0.93149759234093932 0.41770133664868214 1.011573541026717 1.0630372293235106 0.088254916336378747 0.81759146855609832 0.5657825711068375 0.14837894685077346 0.69888014120046871 -0.28394506067353797 -0.26910799253666479 0.45076837759923588 1.1908042275709834 0.071008962182382993 -0.0012769572725397041 -0.084257197062835049 1.0200021190605348 -0.55175723119251574 0.90271052693103992 -0.59767357366850082 0.50684971622134556 0.46187764615295357 -0.63068713441756119 -0.62749258143402875 -0.045703442548176966 0.18439550088518139 -0.71352037800530133 -1.1871091532618212 -0.96467997674760353 -0.4980931118271964 0.9618785626708517 -0.70719792905704648 0.56401322991163705 -0.21596635447740159 -0.16757924253592552 -2.063636212309353 -1.8335465165817395 0.55860999759643881 1.7420589822510752 0.64802834480145566 0.41377746693642631 0.71236891108502098 -0.32018996603602295 0.27940024692202325 0.44963993975097849 0.82513393988861972 -0.53875641379152039 0.73534199911506204 0.18779096152337268 1.1930776375407079 0.19202363427008126 -0.38358202060365515 -1.1422682371013091 0.88533468978776875 0.53110920549406393 1.2127704980263749 0.67086461160855915 -1.150377763778782 -0.86482648812715346 -0.14218189744873136 -0.12648017682683538 0.96882735309465928 0.029264696784288901 -0.45367917736978192 -0.33046754042319854 -0.27421932381718894 -1.0890580964730938 0.3770716229076097 -1.0484545005656991 0.79175047717920699 1.4363025870191617 -0.10527908310886332 -1.3090713544650148 0.013202858359170618 -0.15139840308170269 0.86607660129816377 -0.46447908768282081 0.92843668763460874 0.44374870098650765 -0.64243945119076307 -1.1834572423324141 0.51387265429875439 0.51942798279783764 0.18651749369605389 0.11395032894592241 1.3384643985748366 -1.2325554826907081 0.4798915977121101 -1.318913247069367 0.22471033607924817 -1.1776077971323826 -0.04720313763605577 -0.40928789806769911 1.510729017056162 0.76255445803483524 0.61486321715322345 0.78464035002718757 -0.63187610242619974 -0.501579759046203 0.20405489016189418 -0.27027576171236872
-0.22785871694617243 -0.24272825114146637 0.84722151697527559 -0.19802006079790282 0.50097311014764145 -0.1476601844581264 0.060912353088997485 0.15947071693654055 0.47324489216608251 0.074681995306693019 -0.13067027795433794 0.11730506767014669 0.2537070376071216 0.93087375185886834 -0.52164372322786889 -0.7222867977582389 0.6258745471473347 0.63915205554422883 -0.18395883025616247 0.29993350876591518 -0.4670646134136574 0.57849469825372946 0.6269477473795102 0.65504079199067422 -0.81430900501924697 -0.34813185070549768 0.32276424357868028 0.27460887330104372 0.27573555767163715 -0.26910799253666479 -0.26901818520439608 -0.81843477283223443 -0.087830659483858334 -0.49091978065370562 -0.93428998413194486 0.12576741128708746 -0.13410325007610302 -0.43949930356363881 0.19112278759377682 0.061570462311681326 -0.43075841944471499 -0.25050397692630072 0.048459847874347546 -0.54508306132112871 0.36182829734689764 0.34143673625816223 0.14740050709545699 0.25048257588181161 0.13038794982463434 -0.32976473288023123 -9.1146401897139671e-05 0.56401322991163705 -0.064545390276410139 0.29336749440155824 0.059323282971785768 0.74284702469174368 -0.43708610958150379 -0.053004381112641073 0.64802834480145566 0.11907681935353928 0.36037861133130361 0.2598130152459906 -0.16720385237571125 -0.14394928864445172 0.11566606896191203 0.45862897445134698 0.38982551036287028 -0.27027416204478344 -0.43971323817757707 0.72631110147601419 -0.97366148011974807 -0.05152554463136081 0.88533468978776875 -0.10909046108600018 0.068015645717076842 0.30565540475621139 0.87187820537000016 0.40614515406534363 0.42635526995014617 0.39131921651776791 -0.036556075775437062 -0.4666260243776662 -0.5975768693100495 0.1108573264489004 -0.12515818270111048 0.081144869855916041 0.18106992994238599 -0.7528520840484112 0.14344575646667027 -0.1762412659491473 -0.57592784207535874 0.056690529754077242 0.50576984335755359 -0.30584744914099871 0.23100836941334782 -0.033429744288256111 -0.30460148117686647 0.24047797452224376 -0.26688212139504597 0.44656334266765252 0.085374734551693157 0.37667780252923255 -0.27172537681058628 -0.98090497738199278 -0.21927487537362222 0.26820550143134447 0.049707061012522993 -0.25452739367083543 -0.34807160988495195 0.26037526145221301 0.11936429375838592 0.02538395358163506 0.2691055722585165 -0.52280664023289791 -0.093797121077006343 -0.54879119159575129 0.076257937322759387 0.12812561535247288 -0.2517850592304498 -0.84619922709563655
-0.22785871694617243 -0.62516166610940815 0.060818739613656074 -0.86011303765839864 -0.24918921513452719 -0.56052241876895426 0.49053621988981572 0.35294524575930303 -0.093680287557210487 -0.21130037105947802 0.15463301499994642 -0.69283243118887805 -0.31519252901846151 -0.61534608414304082 1.1117355877917348 -0.057535516124987862 0.6258745471473347 0.56262505738496749 -0.022106694060034137 -0.54667537324504734 0.41770133664868214 0.28977546973840435 -0.027186475536490274 0.088254916336378747 0.40961635016226206 0.5657825711068375 -0.28758429496899368 -0.0082386386319061675 0.18245545461410792 0.45068696292758292 0.45076837759923588 0.11442619164068817 0.86520707051358892 -0.0012769572725397041 0.26992313088262743 0.2748065292493288 -0.55175723119251574 0.90271052693103992 0.38832187790934619 -0.60634841855281529 -0.28198574184510361 -0.15545818755348562 0.49909480074659823 -0.045703442548176966 0.18439550088518139 -0.27395491372885822 -0.075017769630755946 -0.20520338135421912 0.549375324259188 -0.47328065460812929 -0.35364453772947185 -0.57788755145134485 0.16258605602507711 0.6006653190265473 -0.16813666295119326 0.31344810114616312 0.20300424503288789 -0.50177022195357013 0.1812392075902699 0.045401657457817449 -0.16760683829927267 0.76731562386775265 0.65157032967013528 -0.29234659574330923 -0.23906786650144179 0.1736617206676706 0.30344638817482228 -0.19392997478342403 0.079811131369149968 -0.25321592173486274 0.59988374525649957 -1.1422682371013091 -0.7831429135805249 -0.0023905166559895202 -0.57590895870690317 0.21435310304312438 -1.150377763778782 0.32670942642831252 0.21315383217556716 -0.98947916573450734 0.25069633247316186 0.029264696784288901 -0.093934947519112799 0.77284462675704868 0.098433528973007292 0.0080071844603528675 -0.60293684191850905 -0.67895147991908911 0.38656002673387158 -0.57937722919122459 -0.10527908310886332 0.20844185022286538 0.83414783335647547 -0.15139840308170269 0.4691589563701537 -0.82368687384495809 -0.22753659562614922 -0.57260493133481216 -0.17299278894611675 -0.44253879460511109 0.870954254087972 -0.19432291854518685 -0.57722062381501305 -0.27706942331404733 -0.12191617075184356 0.17440793992371609 0.12140448379578757 0.20163797207139245 -0.13327838014837687 0.26037526145221301 -0.46362171612215963 -0.40928789806769911 0.47604281305812401 0.36087911482616863 -0.093797121077006343 -0.46545172024431752 -0.27780908255172021 0.54792919828492326 0.20405489016189418 -0.63022792757691115
0.13025435832548285 -0.62516166610940815 0.060818739613656074 -0.032496816582778684 -0.62427037777561156 -0.044444625880419468 0.49053621988981572 -0.13074107629760326 0.26064794976984773 0.86113350281366363 0.63013850325708731 -0.32458811352568501 0.63297341535751017 -0.61534608414304082 -0.52164372322786889 0.31177075144904054 -0.32947623347957572 0.94526004818127407 -0.42673703455035505 -0.1618531541491553 -0.68825610092924239 0.65067450538256077 0.33622142608351002 0.088254916336378747 -0.40633388662541059 0.18498489535169779 0.14837894685077346 0.69888014120046871 0.18245545461410792 -0.26910799253666479 -0.26901818520439608 0.11442619164068817 0.46810801634798593 -0.40931264342351131 -1.1467981808992225 -0.097791265656274245 -0.029689754796999868 0.063829382871865667 -0.10467584787957733 0.50684971622134556 0.46187764615295357 -0.63068713441756119 -0.064198890343715245 -0.46185312485897001 -0.25918649026910934 -0.71352037800530133 0.29567935824626584 -0.20520338135421912 -0.4980931118271964 0.60308875835110642 -0.70719792905704648 0.1833796361239764 0.16258605602507711 0.21654303824531088 -0.16813666295119326 -0.54534974594499797 -0.15260150753066307 0.059187079097591168 0.64802834480145566 -0.32297415202079138 -0.60759471299141954 0.042311897265235592 0.27940024692202325 0.44963993975097849 -0.23906786650144179 -0.18254734656192489 0.30344638817482228 -0.19392997478342403 0.079811131369149968 -0.25321592173486274 -0.38358202060365515 -0.23331599337635231 -0.36602351273845146 -0.0023905166559895202 0.13956282398640804 0.67086461160855915 -0.42814348908278838 0.72388806461346777 0.21315383217556716 -0.55797967128067139 -0.10836917783758687 0.44250696441925153 0.26580928233155632 -1.0660089852100301 0.098433528973007292 0.0080071844603528675 -0.11293260950544966 0.060054561374130927 0.38656002673387158 -0.57937722919122459 0.67913551516862902 -0.17093645094910465 0.42367534585782307 -0.5375210182299428 0.86607660129816377 0.25393648464145357 0.15778783212743677 0.44374870098650765 -0.17299278894611675 0.29837965312219183 -0.20029054527968088 0.16255253212632537 -0.57722062381501305 0.11395032894592241 0.36487735235704977 -0.29457986761442534 0.4798915977121101 -0.93877544228417709 0.94068776853449831 -0.4586162678400848 -0.46362171612215963 0.67739173105563621 -0.55864339093991389 -0.040796228382497968 0.9691933862683384 0.36794299327001917 0.076257937322759387 -0.501579759046203 0.58392151465551412 0.089676404152173719
0.34512220348847589 -0.24272825114146637 -0.50089752993035785 0.79511940449284124 -0.39922168019096088 -0.56052241876895426 0.060912353088997485 -0.22747834070898451 -0.093680287557210487 0.074681995306693019 -0.51107466856005102 0.70649597593125546 0.2537070376071216 -0.61534608414304082 0.78505972558781401 -0.7222867977582389 -0.52054638960495792 0.94526004818127407 -0.50766310264841918 -0.62363981706422578 0.122779353294569 0.0010562412230793186 -0.53595753780449062 -0.76192389714506459 -0.81430900501924697 0.26114443050272579 -0.37477694333294709 -0.0082386386319061675 0.64885596990175376 0.018809989649034239 0.59472569015996235 0.61673594174149271 -0.40550990281634064 0.1619373171878489 -0.65094572177557497 0.12576741128708746 0.70120471215672231 -0.10394684593996914 0.19112278759377682 0.50684971622134556 0.75942300135217644 -0.63068713441756119 0.048459847874347546 -0.54508306132112871 -0.34790288849996748 0.34143673625816223 0.44395820939707464 -0.053308062275542252 0.13038794982463434 0.53133079748715728 -0.56577657252601665 0.86852010494176546 0.23829653812557292 -0.32122815484842004 0.66588313876639704 -0.63122953065411413 0.13188309452017763 -0.50177022195357013 -0.098834274736441421 -0.17562382822934788 0.0083883115775862244 -1.1901944379590434 0.1305322138227783 0.15284532555326347 0.96702751407396137 0.1736617206676706 0.044309021610678512 -0.27027416204478344 -0.14284216986516166 0.37011945667205887 0.20649743891243774 -0.05152554463136081 -0.11575187223320735 -0.10909046108600018 0.35420435879440126 -1.5203906295055276 0.0051970757348078871 -0.54708357757902915 -0.14218189744873136 0.39131921651776791 -0.32380848402403611 -0.13603221026969611 -0.021986101548978912 -0.18335925146583229 -0.42328046493326743 0.66624635302042079 -0.21093345598806151 0.42955758202074096 -0.18070660388959806 0.22689469729292999 -0.57592784207535874 -0.55031475212107472 0.17739185335863156 1.2386430114519618 0.86607660129816377 -1.1828946600070953 0.92843668763460874 0.64701942745077157 -0.26688212139504597 -1.0352735527869534 0.37104001438306716 -0.19432291854518685 0.33926511719826741 -0.042457571958065626 -0.21927487537362222 0.26820550143134447 0.049707061012522993 -0.55863763749898721 0.22471033607924817 0.54797187316913198 -0.21377056903049746 0.02538395358163506 -0.14476890934069872 0.11987390890096863 1.0400594200913613 0.11792457921571832 -0.49024929447640797 -0.29167796757997755 0.35600153995934231 -0.27027576171236872
-0.22785871694617243 0.13970516382647535 0.3978485013400645 0.46407291606259338 0.20090818003477406 0.2652020498527014 -0.79833538051263875 0.15947071693654055 -0.093680287557210487 0.64664672803903545 -0.51107466856005102 -0.17729038646040782 -0.125559340143267 0.54431879285839091 -0.52164372322786889 -0.42684178369901626 -0.13840607735419347 0.33304406290718369 0.46344971452835099 -0.31578204178751207 0.122779353294569 -0.28766298729224588 0.04549510478750985 -0.19513802149076898 0.49121137384102936 0.87042071171094915 -0.37477694333294709 0.27460887330104372 -0.09738485455847945 0.018809989649034239 -0.26901818520439608 0.042667655912001751 0.5475278271811066 -0.16449123173292832 0.19908706529353484 0.72192388313605249 -0.55175723119251574 0.23160561168370047 -0.59767357366850082 0.061570462311681326 -0.72830377464393792 0.50986233805622017 -0.4021751049979031 0.12075643037614041 -0.34790288849996748 -0.36186800658414681 -0.14915719520616036 -0.96467997674760353 0.549375324259188 -0.32976473288023123 -0.28293385946395683 -0.3495073951787484 -0.67022924708037601 -0.62852597947340916 -0.54723657282282523 -0.28771039181764979 0.13188309452017763 -0.053004381112641073 -0.84569689427433892 0.70847811451931331 0.0083883115775862244 0.83981599652800443 -0.46493991857420081 0.15284532555326347 -0.16812107940877097 -0.11130553311600574 0.38982551036287028 0.035102587000653857 -0.14284216986516166 0.013927811868103698 0.59988374525649957 -0.77868733961132641 -0.11575187223320735 -0.53589023880604292 1.2127704980263749 -0.42476300894848446 0.29409078561320529 0.40614515406534363 0.71062385364958525 -0.29907997460836994 -0.89831330052123415 -0.4666260243776662 -0.5975768693100495 0.40507390436363289 -0.12515818270111048 0.66624635302042079 -0.21093345598806151 -0.16164725101383512 -0.82901132460213489 1.0331666237770845 -0.26216200276436175 -0.55031475212107472 -0.4793641266392123 0.31194873509618559 -0.40405986247146852 -0.033429744288256111 0.3119176032288713 0.24047797452224376 -0.26688212139504597 -0.44253879460511109 -0.4859558251110549 -0.19432291854518685 0.033769870193840375 -0.042457571958065626 0.17015994311349247 -0.48217499062968205 -0.52387232125359295 0.3536930939854685 -0.63446258286705193 -0.027221350264706068 -0.21377056903049746 0.02538395358163506 -0.14476890934069872 0.76255445803483524 0.47313114950717738 -0.54879119159575129 0.35951155322234302 0.54792919828492326 0.052108240364446085 -0.27027576171236872
-1.3738205578154694 -0.24272825114146637 -0.051524514295146692 0.13302642763234546 -0.39922168019096088 0.67806428416352915 0.060912353088997485 -0.22747834070898451 0.18978230230443602 0.074681995306693019 -0.13067027795433794 0.41190052180070102 -0.125559340143267 -0.22879112514256356 -0.52164372322786889 0.45949325847865202 -0.13840607735419347 0.33304406290718369 -0.18395883025616247 -0.31578204178751207 -0.1721426300595443 -0.57638221580757087 -0.53595753780449062 0.37164785416352647 -0.16154881558910894 0.26114443050272579 -0.72354753678876083 -0.0082386386319061675 -0.09738485455847945 0.018809989649034239 -1.1327620605687543 0.32970179882674711 0.5475278271811066 0.1619373171878489 0.19908706529353484 0.42384564721157014 0.70120471215672231 0.56715806930737023 -0.203275393037362 0.50684971622134556 -0.1332130642454922 -0.63068713441756119 0.49909480074659823 0.4536761762247748 -0.34790288849996748 0.69308910767931686 -0.14915719520616036 0.25048257588181161 0.549375324259188 0.24429895403136118 -0.28293385946395683 0.25950635488150858 0.23829653812557292 0.6006653190265473 0.059323282971785768 0.055808747018814935 0.41636769657101835 0.39576145972828802 -0.098834274736441421 -0.76502512339512208 0.0083883115775862244 -0.32018996603602295 0.42826828002126816 -0.14394928864445172 -0.45190822777945411 -0.39627278689968226 0.044309021610678512 0.035102587000653857 0.74777103507208464 -0.34226383293585155 0.20649743891243774 -0.41510644212134384 -0.11575187223320735 -0.10909046108600018 0.35420435879440126 -0.059553802096136324 -0.2836966341435897 -0.22934066703090492 -0.71071906484760905 0.046119620954699181 0.5379487407217608 0.85574923205421416 -0.30978148542951428 -0.47757582938056481 -0.72140274716542441 0.37369561143816843 0.18106992994238599 0.13395516550345299 -0.5048589642458664 0.22689469729292999 -0.26216200276436175 -0.85381739305865068 0.50576984335755359 0.31194873509618559 0.86607660129816377 -0.32079597321796599 0.0036580610260022357 -0.16606347840628419 0.48423253819638801 -0.14617141551419 -0.20029054527968088 0.37667780252923255 0.033769870193840375 -0.35527337376604134 0.17015994311349247 -0.10698474459916858 0.049707061012522993 -0.25452739367083543 -0.061680636902851797 -0.60241457369854434 -0.54690543181938045 0.60494642244741381 -0.14476890934069872 0.44121418346790203 -0.37726125636909819 -0.54879119159575129 -0.20699567857682422 0.12812561535247288 -0.55567835882534566 -0.84619922709563655
-1.6603110180327936 1.2870054087303004 1.745967548245698 0.79511940449284124 0.50097311014764145 -0.56052241876895426 1.2065759978911792 1.3203178898731156 -0.093680287557210487 -0.21130037105947802 0.63013850325708731 0.41190052180070102 0.63297341535751017 -0.61534608414304082 -0.52164372322786889 -0.42684178369901626 0.6258745471473347 -0.58527991500395216 0.78715398692060767 0.60779128404262872 -1.0569085801218838 0.28977546973840435 0.33622142608351002 1.5052196054721176 0.81759146855609832 -0.95740813191372121 -0.72354753678876083 1.4059989210328436 0.64885596990175376 1.1704819183918307 -1.7085913108116599 -0.24436648700274358 0.86520707051358892 -0.817348329574483 -0.084257197062835049 1.0200021190605348 -0.55175723119251574 -0.77505176118730856 -0.59767357366850082 0.50684971622134556 0.46187764615295357 -0.63068713441756119 0.49909480074659823 0.78659592207340912 -0.70276848142340009 1.0447414791004712 -0.44571489750777771 -0.96467997674760353 0.549375324259188 -1.1908602632476197 -1.4143047117121959 2.0865476050622793 -0.973071175482359 0.6006653190265473 -0.54723657282282523 -2.6923443636729005 -0.15260150753066307 1.7420589822510752 -1.2191282040432876 0.41377746693642631 -1.0475825876835665 -0.32018996603602295 -0.46493991857420081 0.44963993975097849 0.11566606896191203 0.1736617206676706 0.73534199911506204 -2.1025346563174074 -1.033455374802408 -0.69845547773980676 -1.3670477864638098 0.67563625034860442 -0.7831429135805249 -0.53589023880604292 1.2127704980263749 0.67086461160855915 -1.150377763778782 -0.86482648812715346 -0.14218189744873136 0.73651881208083658 1.6869583737161566 0.85574923205421416 -1.1731676370711202 0.40507390436363289 0.47108638176320355 -1.0890580964730938 1.3570800877337283 0.42955758202074096 -0.82901132460213489 -0.57937722919122459 -0.88969368138635563 -2.0678279568089546 0.83414783335647547 -0.923643633378183 0.86607660129816377 1.6907676292900025 -0.61286102337973525 1.4601023333078276 -0.64243945119076307 -0.44253879460511109 -1.6286169444365513 1.233178884140862 0.95025561120712077 0.89598983346586192 -0.60870969386073692 -1.2325554826907081 1.1968658255447553 -0.55863763749898721 -1.2072445288312521 0.26037526145221301 0.78563401933615196 -1.1337409841499226 -0.55864339093991389 0.76255445803483524 -0.093797121077006343 0.78464035002718757 -1.3400101421751589 -1.5510887163773293 0.96378813914913408 -0.27027576171236872
0.24962538341603452 0.012227358837161374 -0.50089752993035785 0.24337525710909477 1.0010813270024204 0.12758130508242541 0.72921614589027028 -0.61442739835450955 -0.093680287557210487 0.26533690621747369 0.63013850325708731 0.41190052180070102 0.63297341535751017 0.028912180857754571 0.20430263722528824 0.065566573066354827 -0.011025973270605439 -0.075099927275543557 -0.83136737504067593 -0.41840130021308336 -0.56537194119836187 0.77097418393061279 0.82076529491017702 0.088254916336378747 0.27362464403098341 1.5812430397872099 -0.14226321436240466 0.93458640114459379 -0.59487873753196874 0.21075531110616691 -0.26901818520439608 0.71241398937974121 -1.7821199572570976 0.81479441502940353 -0.084257197062835049 1.0200021190605348 -0.55175723119251574 0.90271052693103992 0.71698702843529516 -0.97741446347753569 -0.034031279179084599 0.0029514614012061996 0.49909480074659823 0.78659592207340912 -0.70276848142340009 -0.12743309230337718 -0.93997773467714008 -0.96467997674760353 -0.84724925718932464 -0.2340874517282992 -0.47149566817199678 -0.95852114523900545 1.0458750138641939 -0.93582380409839827 0.4636965201681934 0.74284702469174368 -0.15260150753066307 0.24617284611464491 0.025642828519874771 -0.56855802500653063 0.71236891108502098 -0.32018996603602295 0.031286858423281771 0.94429763008050349 0.58864464957971696 0.1736617206676706 -0.41637963005891093 -0.066689662681158571 -0.53867026094838222 -0.10480273639988145 0.59988374525649957 0.67563625034860442 -0.22698371245776033 -0.53589023880604292 1.2127704980263749 0.67086461160855915 0.29409078561320529 -0.33525497054694642 -0.14218189744873136 0.73651881208083658 0.72945034622082672 -0.24623014830568621 -0.21384969080266922 0.40507390436363289 -0.52265455901065316 0.37369561143816843 0.70374111118298255 0.42955758202074096 -0.28875739067502093 -0.57937722919122459 -0.88969368138635563 -0.044477017225114747 -0.26044546663993107 0.10601667368379071 0.33685307472748383 0.25393648464145357 0.92843668763460874 -0.57260493133481216 -0.64243945119076307 -0.44253879460511109 -0.67639934499863774 -0.19432291854518685 0.44109686619974298 -0.14672950589405753 -0.60870969386073692 0.018078670744335758 -1.6710310857858253 -1.5723384502594935 -0.25260795222425197 0.26037526145221301 0.78563401933615196 0.31516518801452442 0.13114741172544467 -0.30857979052160905 -0.093797121077006343 0.22904387435096318 0.54834729715539876 -0.1517434399358274 0.96378813914913408 -0.27027576171236872
-0.22785871694617243 1.2870054087303004 -0.50089752993035785 0.79511940449284124 -0.99935154041669583 -0.56052241876895426 -0.22550355811154787 1.3203178898731156 -0.093680287557210487 -1.6412122028903335 0.63013850325708731 0.41190052180070102 0.63297341535751017 -0.61534608414304082 1.6561953581316027 1.0503832865970972 -1.2848270141064861 -0.58527991500395216 -0.83136737504067593 -0.93149759234093932 -1.0569085801218838 0.28977546973840435 0.33622142608351002 0.088254916336378747 0.81759146855609832 0.5657825711068375 -0.72354753678876083 -0.0082386386319061675 0.64885596990175376 1.1704819183918307 1.1705549404028679 1.1908042275709834 -0.7231891461488229 2.4469371596332898 -0.084257197062835049 1.0200021190605348 1.5365126743895476 -0.77505176118730856 -0.59767357366850082 0.50684971622134556 1.949604422149068 -0.63068713441756119 0.49909480074659823 0.78659592207340912 -0.70276848142340009 -0.71352037800530133 1.0370736140003094 -0.96467997674760353 0.549375324259188 0.24429895403136118 -1.4143047117121959 -0.95852114523900545 -0.973071175482359 -0.93582380409839827 0.96916306666370255 0.74284702469174368 -0.15260150753066307 -0.50177022195357013 0.64802834480145566 0.41377746693642631 0.71236891108502098 -1.770197419241057 -1.9536202495666488 -1.034333131237597 0.11566606896191203 0.1736617206676706 0.73534199911506204 -2.1025346563174074 1.9352553083217465 -0.69845547773980676 -1.3670477864638098 0.67563625034860442 0.88533468978776875 -0.53589023880604292 1.2127704980263749 0.67086461160855915 1.7385593350051927 -0.86482648812715346 -0.14218189744873136 -0.98947916573450734 -1.185565708769833 0.85574923205421416 0.26580928233155632 1.8761567939372958 0.47108638176320355 -1.0890580964730938 -0.60293684191850905 1.9075696646071809 0.79175047717920699 -0.57937722919122459 -0.88969368138635563 -0.55031475212107472 -0.80774211663813433 -0.923643633378183 -0.72159397841387651 -1.1828946600070953 -2.1541587343940791 1.4601023333078276 -0.64243945119076307 -0.44253879460511109 -1.6286169444365513 -1.6218247212312358 -0.57722062381501305 -2.2321681846138959 -0.60870969386073692 0.64339574746185746 -0.23708263012053499 0.9619135816417721 0.22471033607924817 0.26037526145221301 0.78563401933615196 -1.1337409841499226 3.5801014250522378 -0.84414691479983117 -0.093797121077006343 -2.5489385040301591 1.4925260168206778 -1.5510887163773293 0.96378813914913408 -0.27027576171236872
-0.22785871694617243 0.33092187131044615 -0.50089752993035785 0.79511940449284124 0.50097311014764145 0.47163316700811525 -0.22550355811154787 -0.61442739835450955 -0.093680287557210487 -0.21130037105947802 0.63013850325708731 -0.32458811352568501 -0.31519252901846151 -0.61534608414304082 -0.52164372322786889 -0.42684178369901626 -0.32947623347957572 0.17999006658866093 1.5964146679012494 1.3774357222344129 -0.31960362173660084 0.28977546973840435 -0.39059437715649059 0.088254916336378747 0.001641231768425719 -0.19581278040344188 -0.72354753678876083 -1.4224761982966561 0.64885596990175376 -0.26910799253666479 -0.98880474800802798 -0.24436648700274358 0.071008962182382993 -0.0012769572725397041 -0.79261785295375997 -0.47038906056187729 -0.55175723119251574 -0.77505176118730856 0.38832187790934619 0.50684971622134556 1.2057410341510109 1.2702286530387412 0.49909480074659823 -0.045703442548176966 0.18439550088518139 0.16561055054758497 0.29567935824626584 0.5542732140391653 0.549375324259188 0.24429895403136118 -9.1146401897139671e-05 -0.1972539576636842 -0.973071175482359 0.6006653190265473 0.96916306666370255 -0.11595082239941744 -0.15260150753066307 -0.50177022195357013 0.64802834480145566 -0.32297415202079138 -1.9275583370678602 0.40481376056649415 -0.46493991857420081 -1.034333131237597 -1.3032696728915032 -1.2511745482507115 -0.99224044464589722 -0.57565091109022071 -0.29127770402136938 -0.69845547773980676 -1.3670477864638098 -0.23331599337635231 -0.7831429135805249 -0.53589023880604292 0.49729871533306363 -0.24215840552231041 -1.150377763778782 -0.86482648812715346 0.56848956179986565 0.73651881208083658 -0.46743468814833561 -0.79721983848563638 -1.1731676370711202 -0.33046754042319854 1.2163920873435961 0.37369561143816843 0.3770716229076097 -0.3094484592724791 0.79175047717920699 -0.57937722919122459 0.67913551516862902 -0.55031475212107472 -0.80774211663813433 0.62084682721477769 -0.72159397841387651 0.25393648464145357 0.15778783212743677 1.4601023333078276 -0.64243945119076307 -0.44253879460511109 1.2280358538771896 -1.6218247212312358 0.95025561120712077 0.89598983346586192 0.36487735235704977 -0.29457986761442534 -0.23708263012053499 0.20163797207139245 -0.49126709637600191 0.26037526145221301 -0.04720313763605577 1.0396182740967479 0.47604281305812401 -0.040796228382497968 0.61486321715322345 -0.88214907700148593 0.78439197707171859 0.54792919828492326 -1.3154116078125855 0.44962857001671613
0.24962538341603452 0.012227358837161374 0.99701252218701264 0.79511940449284124 0.00086489329286230129 -0.56052241876895426 0.25185629388936104 0.030487697721365465 0.37875736221220035 0.26533690621747369 -1.2718834497714762 -0.57008432530114705 -0.63124784381045218 -0.61534608414304082 -0.52164372322786889 -0.42684178369901626 -0.011025973270605439 -0.58527991500395216 -0.29186025438691476 -0.41840130021308336 -0.56537194119836187 -0.67262195864601271 0.33622142608351002 0.088254916336378747 0.81759146855609832 -0.44967789757353499 0.4390211080639515 -0.0082386386319061675 -0.59487873753196874 0.21075531110616691 -0.26901818520439608 -1.2011469633852283 0.33574166495945174 -0.27330074803985416 -0.55649763432345167 -0.96718612043601471 0.14433273733483873 0.90271052693103992 0.71698702843529516 -0.23528237362809482 0.46187764615295357 0.0029514614012061996 -0.25196345404048626 -0.87800280716976309 0.48011682832137514 -0.12743309230337718 0.54281077683094714 -0.96467997674760353 0.549375324259188 0.24429895403136118 0.47131337536820234 0.056501771528089481 0.036401919190917488 1.6249914011098443 -0.54723657282282523 -0.97474866949057848 0.79568049930547291 0.24617284611464491 -0.59674268776170658 -0.56855802500653063 0.12571841149549204 0.16314585169898832 0.031286858423281771 -0.53967544090807185 0.58864464957971696 0.1736617206676706 0.73534199911506204 -0.066689662681158571 -1.033455374802408 -0.69845547773980676 0.59988374525649957 0.069668087865300057 0.88533468978776875 0.17544272406069492 -0.69515425582245516 0.062182600187979588 -0.66888824731478635 -0.33525497054694642 0.33159907538366656 -0.41414650646272616 -0.70681169502216812 0.85574923205421416 -0.21384969080266922 -0.085287058827588108 0.96795685215013172 -0.11388895786558571 0.050402134632236757 -1.0484545005656991 0.25149654325209303 0.76440931494903286 -0.36675061586802749 0.46136071767084552 -0.26044546663993107 0.62084682721477769 -0.19237045184319654 1.211823914407153 -1.1266269270511833 -0.57260493133481216 -0.016510568197901355 0.051406837213090729 0.27581825443927582 -0.67015685277386994 0.95025561120712077 -0.14672950589405753 0.040348336951120847 0.018078670744335758 -0.23708263012053499 -0.55863763749898721 0.22471033607924817 0.73970294764707811 0.78563401933615196 0.31516518801452442 0.13114741172544467 -0.30857979052160905 -0.56623734656382629 0.78464035002718757 0.54834729715539876 -0.1517434399358274 0.45729930649097428 0.20966045944035441
0.72710948377824181 0.012227358837161374 -0.50089752993035785 0.79511940449284124 -0.49924332356191675 1.5037887527851848 -0.22550355811154787 -0.61442739835450955 -0.093680287557210487 -0.6879376483364299 -0.003868814419100411 0.90289294535162501 0.63297341535751017 0.028912180857754571 -0.52164372322786889 -0.42684178369901626 -0.011025973270605439 0.4350800604528654 -0.83136737504067593 -0.41840130021308336 0.41770133664868214 -0.67262195864601271 0.33622142608351002 0.56057647938162491 -0.27034218049413195 0.058052336766651176 -0.14226321436240466 -0.47965115852015616 0.64885596990175376 0.21075531110616691 0.21083952333135847 0.71241398937974121 -0.7231891461488229 -0.27330074803985416 -0.084257197062835049 -0.47038906056187729 0.14433273733483873 -0.21579766514785909 0.059656727383397147 0.50684971622134556 -0.034031279179084599 -0.63068713441756119 -1.0030217088275712 -0.32313656408870578 0.48011682832137514 -0.12743309230337718 0.048547939661584542 0.5542732140391653 0.549375324259188 0.24429895403136118 0.47131337536820234 -0.95852114523900545 0.54113846652755582 2.137154442151493 -0.041770026327316058 -0.40221677142980461 -0.15260150753066307 -0.50177022195357013 0.64802834480145566 -0.077390279035052217 0.12571841149549204 -0.80352578377103434 -0.46493991857420081 -0.045017750578546713 0.11566606896191203 -0.77622912527791754 -0.99224044464589722 0.95123283413696613 -0.043885147094356536 -0.10480273639988145 -0.055760098650270123 -1.1422682371013091 -0.22698371245776033 0.8867756869274328 -0.21817306736024758 0.67086461160855915 -0.18739873085079053 -0.86482648812715346 0.80538004821606479 0.73651881208083658 -0.70681169502216812 -0.79721983848563638 -0.21384969080266922 0.40507390436363289 0.47108638176320355 -0.60147352716933977 -0.60293684191850905 -0.55578380637021918 -0.28875739067502093 -0.57937722919122459 0.67913551516862902 -0.55031475212107472 0.2868511833582722 0.62084682721477769 0.33685307472748383 0.25393648464145357 -0.61286102337973525 -0.57260493133481216 -0.016510568197901355 0.051406837213090729 0.27581825443927582 -0.19432291854518685 0.44109686619974298 0.37463016378590236 0.68940636776297859 0.64339574746185746 -0.23708263012053499 0.9619135816417721 -0.72992624052775212 -0.69828011093751741 0.23040924802134694 -0.65077226009510702 -0.55864339093991389 1.2981215823130572 -0.093797121077006343 -0.32655260132526154 0.076257937322759387 0.54792919828492326 0.45729930649097428 -0.27027576171236872
0.058631743271151726 -0.24272825114146637 0.84722151697527559 0.46407291606259338 0.50097311014764145 -0.56052241876895426 -0.22550355811154787 0.15947071693654055 -0.37714287741885699 -0.49728273742564905 -0.13067027795433794 -0.17729038646040782 0.2537070376071216 0.15776383385791373 0.78505972558781401 -0.7222867977582389 0.6258745471473347 0.33304406290718369 0.46344971452835099 0.91564905931934226 0.71262332000279527 0.0010562412230793186 0.33622142608351002 0.088254916336378747 0.16483127912596041 -0.34813185070549768 0.32276424357868028 0.27460887330104372 -0.09738485455847945 -1.132861939093762 -0.55693281032584874 0.90377008465623809 0.22984858384862433 -0.49091978065370562 0.76577559000627493 -0.47038906056187729 0.2835507310403097 -0.10394684593996914 -0.203275393037362 0.50684971622134556 0.16433229095373078 0.50986233805622017 0.048459847874347546 0.12075643037614041 1.0715594831937627 -0.36186800658414681 0.74051591169869202 -0.35709870043289593 -0.70758679904447341 -0.32976473288023123 0.28275156666016255 0.86852010494176546 -0.36738731867839303 -0.013930330223430985 -0.24395664492551972 0.74284702469174368 0.13188309452017763 -0.50177022195357013 -0.098834274736441421 0.11907681935353928 0.0083883115775862244 -0.030188475395016179 0.1305322138227783 0.15284532555326347 0.11566606896191203 -0.39627278689968226 -0.30120746714151364 0.34047933604609149 -0.73658430648999251 0.37011945667205887 -0.18688886743162406 0.31205535285862179 0.2179436484404513 0.31770931663404256 0.068015645717076842 -0.42476300894848446 -0.2836966341435897 0.088402243517219273 -0.71071906484760905 0.046119620954699181 -0.32380848402403611 -0.4666260243776662 0.55360466621209148 -0.18335925146583229 -0.42328046493326743 0.081144869855916041 1.3570800877337283 -0.45724966753112306 -0.5048589642458664 0.63003066053500711 0.051603836546635119 0.36019317069165352 -0.15098613664029031 0.62084682721477769 -0.40405986247146852 -0.60816220214767569 -0.30460148117686647 -0.57260493133481216 1.2353471977878221 0.44656334266765252 0.37104001438306716 0.091177441992022851 0.95025561120712077 -0.042457571958065626 -0.21927487537362222 -0.10698474459916858 -0.23708263012053499 0.049582850157316387 0.22471033607924817 0.54797187316913198 -1.2131751573971465 0.89472765688030309 -0.55864339093991389 0.44121418346790203 0.1896670142150855 0.11792457921571832 -0.20699567857682422 0.12812561535247288 0.35600153995934231 0.017685970979265175
0.63161266370580038 0.13970516382647535 -0.051524514295146692 0.13302642763234546 -0.39922168019096088 -0.1476601844581264 0.060912353088997485 -0.61442739835450955 -0.093680287557210487 0.074681995306693019 -0.13067027795433794 -0.47188584059096217 -0.88409209564404456 -0.22879112514256356 0.34949190931591978 -0.1313967696397936 0.24373423489657062 0.026936070270138172 -0.18395883025616247 0.29993350876591518 -0.4670646134136574 -0.28766298729224588 -0.53595753780449062 -0.19513802149076898 0.49121137384102936 -0.34813185070549768 0.32276424357868028 -0.0082386386319061675 -0.4705052667885965 0.018809989649034239 -0.55693281032584874 0.61673594174149271 -0.087830659483858334 -0.16449123173292832 -0.65094572177557497 0.42384564721157014 0.2835507310403097 -0.10394684593996914 -0.59767357366850082 0.061570462311681326 -0.1332130642454922 1.2702286530387412 0.49909480074659823 -1.2109225530183976 0.0069627044234651199 -0.71352037800530133 0.14740050709545699 -0.35709870043289593 -0.70758679904447341 -0.32976473288023123 -0.84861928558807642 -0.045000520148619993 -0.36738731867839303 0.6006653190265473 0.059323282971785768 -0.28771039181764979 -0.15260150753066307 -0.053004381112641073 0.27459703503250715 0.41377746693642631 -0.34360198817613158 -0.32018996603602295 1.0237404124182472 -0.44074390284216675 -0.45190822777945411 0.1736617206676706 0.73534199911506204 -0.27027416204478344 -0.14284216986516166 0.013927811868103698 0.59988374525649957 0.31205535285862179 -0.11575187223320735 -0.53589023880604292 -1.076739206592221 -0.42476300894848446 -0.2836966341435897 -0.22934066703090492 0.14208668625070739 0.39131921651776791 -0.89831330052123415 0.19456160383827392 -0.30978148542951428 -0.47757582938056481 -0.12515818270111048 0.081144869855916041 0.57307331587283339 0.13395516550345299 -0.5048589642458664 -0.57937722919122459 0.051603836546635119 0.056690529754077242 0.17739185335863156 0.0030506429775933527 -0.40405986247146852 -0.32079597321796599 0.0036580610260022357 0.24047797452224376 0.48423253819638801 0.44656334266765252 0.37104001438306716 -0.47982327908239658 0.033769870193840375 -0.042457571958065626 0.17015994311349247 -0.10698474459916858 -0.52387232125359295 0.049582850157316387 0.51110130906134821 0.54797187316913198 -0.21377056903049746 -0.26439728085125447 0.2691055722585165 -0.20146636566596457 0.47313114950717738 0.11792457921571832 0.076257937322759387 0.54792919828492326 0.052108240364446085 0.30564770367089905
-0.22785871694617243 -0.14711989739948098 -0.50089752993035785 -0.86011303765839864 0.50097311014764145 -0.044444625880419468 0.13251633088913389 -0.13074107629760326 -0.093680287557210487 0.14617758689823585 0.15463301499994642 0.043656204137508023 -0.31519252901846151 -0.13215238539244425 0.56727581745186695 -0.42684178369901626 -0.80715162379303085 -0.20264492420764563 -0.42673703455035505 0.22296906494673671 -0.68825610092924239 -0.071123565905752029 -0.027186475536490274 -0.26598625594755598 -1.2222841234130832 0.5657825711068375 0.58434218867054066 0.69888014120046871 -1.6831466065364755 0.45068696292758292 -0.26901818520439608 -0.24436648700274358 0.071008962182382993 0.4067587288784319 0.26992313088262743 0.2748065292493288 -0.029689754796999868 -0.35561118915772144 -0.59767357366850082 -0.049749351165734854 0.46187764615295357 -0.15545818755348562 -0.064198890343715245 0.37044623976261609 0.18439550088518139 0.60517601482402816 -0.075017769630755946 0.5542732140391653 -0.4980931118271964 0.60308875835110642 -9.1146401897139671e-05 -0.57788755145134485 -0.59451876497988032 -0.55170152331716193 -0.92633648269445712 -0.54534974594499797 0.91421575015998979 0.059187079097591168 -0.28554992962091591 0.78215327641503518 -1.0475825876835665 0.042311897265235592 -1.2092800840704248 0.8206332074981223 0.11566606896191203 0.1736617206676706 -0.56034483370565735 -0.57565091109022071 0.079811131369149968 -0.69845547773980676 -0.38358202060365515 -0.68779211523883066 0.46821528894569542 0.53110920549406393 -0.57590895870690317 -0.24215840552231041 -0.42814348908278838 0.32670942642831252 0.56848956179986565 -0.55797967128067139 -0.46743468814833561 -0.38397757085067374 0.62555351218222544 -0.69823826281661427 -0.64687217660738516 0.37369561143816843 -0.11293260950544966 -0.67895147991908911 -0.018630423711463902 -0.075457275138628002 0.28692821602988283 0.58782015139483546 0.013202858359170618 0.62084682721477769 0.07224131144214363 0.25393648464145357 0.15778783212743677 -0.064428115174152228 -0.64243945119076307 -0.072079570741459653 0.15679105450953673 0.51942798279783764 0.18651749369605389 0.11395032894592241 0.36487735235704977 -0.29457986761442534 -0.23708263012053499 -0.17849983271379738 -0.13327838014837687 0.26037526145221301 0.36921544085004809 0.31516518801452442 -0.041300288940894943 -0.84414691479983117 -0.44812729019212122 -0.04875436348714917 -0.27780908255172021 -0.501579759046203 0.20405489016189418 0.80958073588125856
0.24962538341603452 0.64961638378373088 -0.50089752993035785 -0.86011303765839864 0.50097311014764145 0.12758130508242541 -0.22550355811154787 -0.61442739835450955 -0.56611793732662141 -0.21130037105947802 -0.003868814419100411 -0.57008432530114705 0.63297341535751017 0.67317044585855002 0.20430263722528824 1.0503832865970972 -0.011025973270605439 0.4350800604528654 -0.29186025438691476 -0.41840130021308336 -0.07383530227483992 -1.1538206728382212 -0.6328663115698242 -1.3287097727993602 -0.81430900501924697 0.5657825711068375 -0.14226321436240466 -0.47965115852015616 0.026988616184892757 -0.26910799253666479 0.21083952333135847 -0.24436648700274358 0.33574166495945174 0.81479441502940353 -0.084257197062835049 0.026407999312259994 -0.55175723119251574 0.90271052693103992 -0.59767357366850082 -0.23528237362809482 0.46187764615295357 0.0029514614012061996 -0.25196345404048626 0.23172967899235186 -0.11132582655101249 -0.12743309230337718 -0.93997773467714008 0.047955483776908982 -0.84724925718932464 -1.1908602632476197 -0.47149566817199678 -0.45100968685545795 -0.46833462814572074 -0.42366076305674977 -1.0527031193183345 0.17031512663096973 0.79568049930547291 -0.50177022195357013 0.64802834480145566 -0.077390279035052217 -0.46093208809403735 -0.32018996603602295 0.031286858423281771 -0.045017750578546713 -0.35731251165589312 0.1736617206676706 0.73534199911506204 -0.066689662681158571 -0.043885147094356536 -0.10480273639988145 0.59988374525649957 -0.53630007461800466 -0.7831429135805249 0.8867756869274328 0.25880812110195978 0.062182600187979588 0.77558030207720097 -0.33525497054694642 -0.14218189744873136 0.73651881208083658 0.25069633247316186 0.30475954187426391 -1.1731676370711202 0.40507390436363289 0.96795685215013172 -0.11388895786558571 -0.60293684191850905 -1.0484545005656991 -0.82901132460213489 0.092516042878904151 0.15619244965030074 -0.044477017225114747 -0.26044546663993107 0.62084682721477769 0.86607660129816377 -0.22500723024139607 0.92843668763460874 0.10496415687940103 -0.64243945119076307 0.051406837213090729 -0.67639934499863774 0.28151101568349601 0.44109686619974298 -0.14672950589405753 0.040348336951120847 0.64339574746185746 0.24090018843456165 0.45506317526151913 0.22471033607924817 -0.69828011093751741 0.78563401933615196 -0.65077226009510702 0.82093821439080328 0.22698733375661304 -1.0386775720506463 -0.32655260132526154 0.076257937322759387 -0.85141607815657849 0.96378813914913408 0.68959668059307788
-0.22785871694617243 0.80896364002037335 -0.50089752993035785 0.79511940449284124 -0.24918921513452719 -0.56052241876895426 -0.5835234471122297 -0.13074107629760326 -0.093680287557210487 -0.21130037105947802 0.63013850325708731 0.043656204137508023 -0.31519252901846151 -0.61534608414304082 0.022816047111998975 -0.42684178369901626 -0.32947623347957572 0.56262505738496749 -0.022106694060034137 0.22296906494673671 -0.31960362173660084 0.65067450538256077 0.33622142608351002 0.44249608862031348 -0.81430900501924697 -0.57661045615858153 1.4562686723100751 -0.0082386386319061675 0.18245545461410792 -0.26910799253666479 -0.26901818520439608 -0.24436648700274358 -0.32609009198321998 -0.817348329574483 -0.084257197062835049 0.2748065292493288 0.492377721598516 0.063829382871865667 0.38832187790934619 0.50684971622134556 -0.28198574184510361 -0.63068713441756119 -0.064198890343715245 -0.045703442548176966 -0.70276848142340009 -0.71352037800530133 -0.075017769630755946 0.5542732140391653 -0.4980931118271964 0.24429895403136118 0.70701563625325226 -0.95852114523900545 0.54113846652755582 -0.16757924253592552 0.21096324692043866 -0.54534974594499797 -0.15260150753066307 -0.50177022195357013 -0.28554992962091591 0.41377746693642631 -0.16760683829927267 -0.32018996603602295 -0.46493991857420081 -0.29234659574330923 -0.23906786650144179 0.1736617206676706 -0.12844922276541756 -0.19392997478342403 1.1930776375407079 -0.69845547773980676 0.10815086232642218 0.22116012848612604 -0.7831429135805249 0.53110920549406393 -0.57590895870690317 -0.24215840552231041 0.65520792296120212 -0.46764784994199815 -0.49751762707302988 0.30501931762700063 0.60976184278391055 0.029264696784288901 -0.81342340722045103 0.037303181970217189 -0.27421932381718894 0.73938403841598399 -0.11293260950544966 -0.67895147991908911 0.79175047717920699 -0.075457275138628002 0.28692821602988283 0.20844185022286538 0.013202858359170618 -0.923643633378183 0.07224131144214363 -0.10527130152068362 -0.22753659562614922 0.44374870098650765 -0.17299278894611675 -0.81299801846876252 -0.91445374485811615 0.16255253212632537 0.18651749369605389 0.11395032894592241 -0.60870969386073692 0.64339574746185746 -0.23708263012053499 0.20163797207139245 1.2986764847621233 -0.099120503193935908 -0.46362171612215963 -0.40928789806769911 -0.55864339093991389 0.76255445803483524 -1.1567876284223511 0.36794299327001917 0.076257937322759387 -1.0263342377117661 0.20405489016189418 0.80958073588125856
0.24962538341603452 -0.62516166610940815 -0.50089752993035785 0.24337525710909477 1.0010813270024204 0.12758130508242541 -0.70286341011245701 0.030487697721365465 -0.093680287557210487 0.74197418349442579 -0.003868814419100411 -1.0610767488520711 0.63297341535751017 0.67317044585855002 -0.52164372322786889 -0.42684178369901626 -0.011025973270605439 -0.075099927275543557 0.2476468662668464 0.094694991914772653 0.41770133664868214 0.28977546973840435 -0.14832244274315709 0.56057647938162491 0.81759146855609832 -0.44967789757353499 0.4390211080639515 -0.0082386386319061675 0.026988616184892757 0.21075531110616691 -0.26901818520439608 0.71241398937974121 -0.19372374059468578 0.27074683349477463 0.38798324019778146 0.026407999312259994 0.14433273733483873 -0.21579766514785909 0.059656727383397147 -0.23528237362809482 1.4536954968170299 0.0029514614012061996 0.49909480074659823 -0.32313656408870578 -0.70276848142340009 -0.71352037800530133 0.048547939661584542 1.0605909443014214 -0.1489369664650681 -0.71247385748795955 -1.4143047117121959 0.56401322991163705 0.54113846652755582 -0.42366076305674977 0.4636965201681934 -0.40221677142980461 -1.100883514366799 -0.50177022195357013 -1.2191282040432876 -0.077390279035052217 -1.0475825876835665 0.16314585169898832 0.031286858423281771 0.44963993975097849 0.11566606896191203 -0.30128370230512347 -0.99224044464589722 -0.066689662681158571 -0.043885147094356536 -0.69845547773980676 -0.055760098650270123 0.069668087865300057 -0.22698371245776033 0.17544272406069492 -0.21817306736024758 -0.54649941123260037 1.257069818541197 -0.86482648812715346 -0.14218189744873136 0.16118615280905541 0.25069633247316186 0.30475954187426391 -0.21384969080266922 -0.085287058827588108 -1.0195250293975815 -0.11388895786558571 -0.60293684191850905 0.42955758202074096 -0.82901132460213489 0.092516042878904151 0.67913551516862902 -0.55031475212107472 -0.80774211663813433 -0.923643633378183 -0.19237045184319654 0.73288019952430306 0.41467078396316087 0.10496415687940103 -0.64243945119076307 0.54535246903129286 0.27581825443927582 0.28151101568349601 -0.57722062381501305 -0.14672950589405753 0.040348336951120847 0.64339574746185746 -1.1930482672307285 -0.051787231118734213 -0.25260795222425197 -0.69828011093751741 0.78563401933615196 -0.16780353604029133 0.13114741172544467 0.22698733375661304 0.37864310440981341 0.78464035002718757 -0.39583142250988013 -0.1517434399358274 -0.049189526167185881 -0.75021198286509194
0.34512220348847589 0.52213857879441694 -0.051524514295146692 -0.19802006079790282 -0.099156750078093492 0.67806428416352915 -0.22550355811154787 -0.61442739835450955 0.18978230230443602 0.36066436167286403 -0.51107466856005102 0.11730506767014669 0.2537070376071216 -0.22879112514256356 -0.52164372322786889 0.16404824441942903 -0.13840607735419347 0.026936070270138172 -0.18395883025616247 -0.31578204178751207 0.41770133664868214 1.1559331552843799 0.04549510478750985 -0.19513802149076898 0.49121137384102936 -0.043493710101386043 -0.37477694333294709 0.27460887330104372 0.64885596990175376 0.30672797183473327 0.018896439917056654 0.042667655912001751 -0.087830659483858334 -0.16449123173292832 -0.65094572177557497 0.12576741128708746 -0.13410325007610302 -0.10394684593996914 -0.59767357366850082 0.50684971622134556 0.16433229095373078 -0.25050397692630072 0.048459847874347546 -0.54508306132112871 0.0069627044234651199 -0.010215635162992252 0.14740050709545699 0.25048257588181161 0.13038794982463434 0.53133079748715728 -0.56577657252601665 -0.045000520148619993 -0.973071175482359 0.29336749440155824 -0.24395664492551972 -0.28771039181764979 -1.0060553136831853 -0.053004381112641073 -0.47226558450539041 0.41377746693642631 0.0083883115775862244 -0.030188475395016179 -0.16720385237571125 0.74643455394869351 -0.16812107940877097 0.1736617206676706 0.38982551036287028 -0.27027416204478344 -0.14284216986516166 0.37011945667205887 0.20649743891243774 0.31205535285862179 0.55163916911411015 0.31770931663404256 0.64039307187172601 0.30565540475621139 0.0051970757348078871 -0.22934066703090492 -0.42645048114817014 0.39131921651776791 -0.32380848402403611 0.5251554179462441 -0.021986101548978912 0.40507390436363289 0.47108638176320355 -0.21140587172633651 -0.21093345598806151 -0.7528520840484112 -0.5048589642458664 0.22689469729292999 0.67913551516862902 0.36019317069165352 -0.15098613664029031 0.0030506429775933527 0.54854248535575578 1.116035171430583 0.0036580610260022357 0.24047797452224376 -0.26688212139504597 -0.44253879460511109 0.085374734551693157 -0.19432291854518685 -0.57722062381501305 0.27035822984991048 0.55959476160060706 -0.10698474459916858 -0.52387232125359295 -0.25452739367083543 0.51110130906134821 0.26037526145221301 -0.21377056903049746 -0.26439728085125447 0.2691055722585165 -0.20146636566596457 0.1896670142150855 -0.88214907700148593 -0.49024929447640797 0.54792919828492326 0.35600153995934231 0.017685970979265175
-0.70534281730837955 0.64961638378373088 -0.50089752993035785 0.79511940449284124 0.00086489329286230129 -0.56052241876895426 0.25185629388936104 -0.61442739835450955 0.37875736221220035 -0.21130037105947802 0.63013850325708731 0.41190052180070102 0.63297341535751017 -0.61534608414304082 -0.52164372322786889 1.0503832865970972 -0.011025973270605439 -0.075099927275543557 -0.83136737504067593 -0.41840130021308336 -0.07383530227483992 0.28977546973840435 0.33622142608351002 0.088254916336378747 0.27362464403098341 0.5657825711068375 0.4390211080639515 -0.0082386386319061675 0.64885596990175376 1.1704819183918307 -0.26901818520439608 0.23402375118849864 0.86520707051358892 -0.817348329574483 0.38798324019778146 0.026407999312259994 0.14433273733483873 -0.21579766514785909 1.3743173294871933 0.50684971622134556 0.46187764615295357 0.63659005721997364 0.49909480074659823 0.23172967899235186 1.0715594831937627 -0.71352037800530133 1.0370736140003094 0.047955483776908982 0.549375324259188 0.24429895403136118 -0.47149566817199678 -0.45100968685545795 -0.46833462814572074 0.088502277984898695 -0.041770026327316058 0.74284702469174368 0.32153949588740477 -0.50177022195357013 0.025642828519874771 -0.56855802500653063 0.71236891108502098 0.16314585169898832 0.52751363542076468 0.44963993975097849 0.11566606896191203 -0.77622912527791754 0.73534199911506204 -0.066689662681158571 0.45089996675966926 -0.10480273639988145 -0.055760098650270123 0.069668087865300057 0.32917548866500418 -0.53589023880604292 -0.21817306736024758 -0.54649941123260037 0.29409078561320529 0.19431654703326068 0.33159907538366656 0.73651881208083658 -1.185565708769833 -0.24623014830568621 -0.21384969080266922 -0.57564802201880905 -0.025784088623724839 -1.0890580964730938 0.050402134632236757 0.42955758202074096 0.25149654325209303 -0.57937722919122459 0.15619244965030074 -0.044477017225114747 0.83414783335647547 -0.40881347984719618 0.86607660129816377 0.73288019952430306 0.41467078396316087 0.10496415687940103 -0.016510568197901355 0.051406837213090729 -0.20029054527968088 0.28151101568349601 -0.068061878807635187 -0.14672950589405753 -0.60870969386073692 0.64339574746185746 0.24090018843456165 -0.051787231118734213 -0.25260795222425197 1.2190306338419434 -0.32481552329345847 -0.16780353604029133 0.13114741172544467 0.22698733375661304 -0.56623734656382629 0.78464035002718757 -0.39583142250988013 0.54792919828492326 -0.049189526167185881 0.20966045944035441
-0.22785871694617243 -0.24272825114146637 -0.051524514295146692 0.46407291606259338 -0.69928661030382833 0.67806428416352915 0.63374417549008855 0.15947071693654055 -0.093680287557210487 0.074681995306693019 0.24973411265137466 0.11730506767014669 0.63297341535751017 -0.22879112514256356 0.78505972558781401 0.16404824441942903 0.24373423489657062 -0.8913879076409974 -0.18395883025616247 -0.31578204178751207 0.122779353294569 -0.57638221580757087 -1.1174101803964913 0.088254916336378747 0.16483127912596041 -0.34813185070549768 -0.37477694333294709 0.27460887330104372 0.27573555767163715 0.30672797183473327 0.30681106503850936 -0.24436648700274358 0.22984858384862433 0.1619373171878489 -0.084257197062835049 -0.47038906056187729 -0.55175723119251574 0.90271052693103992 -0.59767357366850082 -0.38370879159798288 -0.72830377464393792 0.12967918056495978 0.49909480074659823 -0.21216331547249434 0.71669389027033037 -0.71352037800530133 -0.14915719520616036 0.25048257588181161 -0.70758679904447341 -0.042732889424434956 -0.28293385946395683 1.1730269799718938 0.54113846652755582 0.29336749440155824 -0.85051650072013063 0.055808747018814935 -0.15260150753066307 -0.50177022195357013 0.64802834480145566 0.41377746693642631 -0.34360198817613158 0.54981450588699765 0.72600434621975773 -0.14394928864445172 0.96702751407396137 -0.68124004068335864 0.044309021610678512 0.34047933604609149 0.1540288984472539 0.37011945667205887 0.59988374525649957 -0.05152554463136081 -0.44944739290686608 0.31770931663404256 0.068015645717076842 0.67086461160855915 -0.57259034402198705 0.72388806461346777 0.71062385364958525 -0.29907997460836994 0.5379487407217608 0.85574923205421416 1.1291954339731622 -0.18335925146583229 0.47108638176320355 -0.50395661330858887 0.18106992994238599 0.13395516550345299 0.79175047717920699 -0.1762412659491473 -0.57592784207535874 -0.24681211118349872 0.17739185335863156 0.0030506429775933527 0.23100836941334782 0.25393648464145357 -0.30460148117686647 0.24047797452224376 -0.26688212139504597 -0.14617141551419 -0.20029054527968088 -0.47982327908239658 0.33926511719826741 -0.042457571958065626 0.55959476160060706 -0.10698474459916858 0.33649675214558095 0.65780333781362033 1.0838832550255484 -0.027221350264706068 -0.54690543181938045 -0.26439728085125447 -0.55864339093991389 0.44121418346790203 0.1896670142150855 0.45128246462145294 0.076257937322759387 -0.29167796757997755 -0.85957165842024164 -0.27027576171236872
-0.58597179221782769 0.33092187131044615 -0.50089752993035785 -0.032496816582778684 -0.24918921513452719 0.47163316700811525 0.13251633088913389 0.35294524575930303 0.61497618709690594 0.50365554485594977 0.15463301499994642 -0.32458811352568501 0.15889044316952433 -0.13215238539244425 -0.52164372322786889 0.68107701902306894 0.6258745471473347 0.17999006658866093 -0.022106694060034137 -0.1618531541491553 -0.31960362173660084 -0.4320226015499084 -1.1174101803964913 0.44249608862031348 -0.40633388662541059 -0.95740813191372121 -0.28758429496899368 -0.0082386386319061675 -0.28394506067353797 -0.26910799253666479 -0.26901818520439608 0.47321887028411991 0.86520707051358892 0.81479441502940353 -0.084257197062835049 0.2748065292493288 -0.55175723119251574 0.063829382871865667 -0.59767357366850082 0.50684971622134556 0.089945952153924993 0.31977075931058996 0.49909480074659823 -0.46185312485897001 0.62797749203947217 0.16561055054758497 0.29567935824626584 0.5542732140391653 0.025641106215995798 0.60308875835110642 -9.1146401897139671e-05 -0.57788755145134485 0.16258605602507711 -0.55170152331716193 0.59006315679207066 -0.97474866949057848 -0.15260150753066307 0.059187079097591168 0.1812392075902699 -0.32297415202079138 -0.16760683829927267 0.042311897265235592 0.27940024692202325 0.44963993975097849 0.11566606896191203 -0.18254734656192489 -0.99224044464589722 0.18779096152337268 -0.29127770402136938 0.19202363427008126 0.10815086232642218 -0.23331599337635231 -0.36602351273845146 -0.0023905166559895202 0.49729871533306363 0.67086461160855915 -0.067026351734791545 0.72388806461346777 -0.14218189744873136 -0.12648017682683538 0.25069633247316186 -0.79721983848563638 -0.093934947519112799 0.40507390436363289 0.098433528973007292 0.0080071844603528675 -0.60293684191850905 0.060054561374130927 -0.42382087415679937 -0.075457275138628002 -0.10527908310886332 0.96719845256680548 0.013202858359170618 0.62084682721477769 0.07224131144214363 0.6131442708035908 -0.22753659562614922 -0.064428115174152228 0.76590053554317583 -0.072079570741459653 0.15679105450953673 0.16255253212632537 0.56838655245158731 0.11395032894592241 0.36487735235704977 0.64339574746185746 -0.23708263012053499 -0.55863763749898721 0.94068776853449831 -0.4586162678400848 0.78563401933615196 0.31516518801452442 -0.55864339093991389 -0.44247157159116457 -1.1567876284223511 -0.04875436348714917 0.076257937322759387 0.54792919828492326 -0.17581173433172576 0.089676404152173719
-0.70534281730837955 1.2870054087303004 0.24805749612832736 0.79511940449284124 -0.99935154041669583 0.81568502893380501 -0.70286341011245701 0.030487697721365465 -0.093680287557210487 -0.21130037105947802 -0.63787613209528848 -0.57008432530114705 0.00086278577352920133 -0.61534608414304082 0.93024899767844538 0.55797492983172625 -0.011025973270605439 0.4350800604528654 0.2476468662668464 0.60779128404262872 -0.07383530227483992 0.77097418393061279 0.33622142608351002 0.088254916336378747 -0.81430900501924697 0.058052336766651176 0.4390211080639515 -0.47965115852015616 0.026988616184892757 0.21075531110616691 0.21083952333135847 0.71241398937974121 0.86520707051358892 -0.27330074803985416 -0.084257197062835049 -0.47038906056187729 0.84042270586219325 0.90271052693103992 0.059656727383397147 -0.97741446347753569 -0.034031279179084599 0.63659005721997364 -0.25196345404048626 0.23172967899235186 -0.70276848142340009 0.45865419339854702 0.54281077683094714 0.047955483776908982 -0.1489369664650681 1.201071765550682 -9.1146401897139671e-05 0.056501771528089481 0.036401919190917488 0.088502277984898695 -0.54723657282282523 0.74284702469174368 -1.100883514366799 -0.50177022195357013 0.64802834480145566 -0.077390279035052217 0.12571841149549204 1.1298174871690112 0.031286858423281771 0.94429763008050349 -0.83029109227369824 -0.30128370230512347 0.73534199911506204 -0.066689662681158571 -0.53867026094838222 -0.10480273639988145 -0.7114039425570402 0.069668087865300057 0.32917548866500418 0.17544272406069492 0.25880812110195978 0.062182600187979588 -1.150377763778782 0.72388806461346777 -0.14218189744873136 0.16118615280905541 0.72945034622082672 0.30475954187426391 0.74546825546578166 -0.085287058827588108 0.47108638176320355 1.3488647500456767 -0.60293684191850905 -1.0484545005656991 -0.28875739067502093 0.092516042878904151 0.15619244965030074 0.46136071767084552 -0.26044546663993107 0.10601667368379071 -0.19237045184319654 -0.70395094512424561 -0.099095119708287341 -0.57260493133481216 -0.016510568197901355 0.54535246903129286 0.27581825443927582 -0.19432291854518685 -0.068061878807635187 -1.1894488452539769 -0.60870969386073692 -0.60723840597318635 -1.1930482672307285 -1.0654880438792405 0.22471033607924817 0.73970294764707811 0.78563401933615196 0.79813391206934003 -0.55864339093991389 -0.30857979052160905 -0.093797121077006343 -1.4377455526777103 0.076257937322759387 -0.1517434399358274 0.45729930649097428 -0.75021198286509194
0.48836743359713813 0.33092187131044615 -0.50089752993035785 -0.032496816582778684 1.2511354354298101 0.47163316700811525 -0.22550355811154787 -0.61442739835450955 -0.80233676221132688 1.2186114607713774 0.63013850325708731 -0.32458811352568501 0.63297341535751017 0.35104131335815231 0.56727581745186695 -0.42684178369901626 -1.2848270141064861 -0.58527991500395216 0.78715398692060767 -0.1618531541491553 -0.31960362173660084 -0.4320226015499084 0.33622142608351002 0.79673726090424823 0.81759146855609832 -0.19581278040344188 0.14837894685077346 -0.0082386386319061675 -0.28394506067353797 -0.26910799253666479 0.45076837759923588 0.47321887028411991 0.071008962182382993 -0.0012769572725397041 1.3324641147190148 -1.2155846503730834 -0.55175723119251574 -0.77505176118730856 -0.59767357366850082 0.50684971622134556 -0.28198574184510361 -0.63068713441756119 -0.62749258143402875 0.78659592207340912 0.18439550088518139 -0.71352037800530133 -0.44571489750777771 -0.96467997674760353 -0.4980931118271964 0.24429895403136118 -9.1146401897139671e-05 -0.95852114523900545 -0.21596635447740159 -0.16757924253592552 0.96916306666370255 0.74284702469174368 0.55860999759643881 -0.50177022195357013 0.64802834480145566 0.41377746693642631 -0.16760683829927267 -0.32018996603602295 -0.46493991857420081 1.1916264752452661 0.11566606896191203 0.88607985512686172 0.73534199911506204 0.18779096152337268 -1.033455374802408 -0.69845547773980676 -1.3670477864638098 0.67563625034860442 -0.7831429135805249 0.53110920549406393 0.49729871533306363 0.67086461160855915 0.29409078561320529 -0.070469211756842828 -0.14218189744873136 -0.12648017682683538 -0.46743468814833561 -0.79721983848563638 -0.45367917736978192 1.1406153491504643 -0.27421932381718894 0.37369561143816843 0.3770716229076097 -0.3094484592724791 -0.018630423711463902 -0.57937722919122459 -0.10527908310886332 0.20844185022286538 1.6550928083537806 -0.923643633378183 0.86607660129816377 -1.1828946600070953 -0.61286102337973525 -0.57260493133481216 -0.64243945119076307 0.29837965312219183 -0.91445374485811615 -1.6218247212312358 -0.57722062381501305 -0.66808917557401704 0.36487735235704977 0.64339574746185746 -0.95405685795318007 -1.318913247069367 -0.49126709637600191 -1.1776077971323826 -0.8800402946082635 -1.1337409841499226 0.47604281305812401 -0.84414691479983117 -0.80245745930723611 0.78464035002718757 0.076257937322759387 0.54792919828492326 -1.3154116078125855 -0.99018009344145352
0.13025435832548285 0.33092187131044615 0.060818739613656074 -0.44630492712058867 0.50097311014764145 -0.56052241876895426 -0.94154333611291141 -0.13074107629760326 -0.44800852488426868 -0.56877832901719194 0.15463301499994642 -0.69283243118887805 -0.31519252901846151 0.35104131335815231 0.022816047111998975 0.68107701902306894 -0.80715162379303085 -0.96791490580025874 -0.022106694060034137 0.60779128404262872 1.155006295033965 -0.071123565905752029 -0.75400227877649095 -0.26598625594755598 0.40961635016226206 0.18498489535169779 -0.72354753678876083 -0.36179802854809362 0.18245545461410792 1.1704819183918307 -0.628911466606212 0.11442619164068817 0.46810801634798593 -0.817348329574483 0.26992313088262743 0.2748065292493288 -0.55175723119251574 -0.35561118915772144 0.38832187790934619 0.50684971622134556 0.46187764615295357 -0.15545818755348562 -0.62749258143402875 -0.87800280716976309 -0.70276848142340009 -0.27395491372885822 -0.075017769630755946 -0.20520338135421912 -0.4980931118271964 0.60308875835110642 0.35346224492567757 -0.1972539576636842 -0.21596635447740159 1.3689098805890201 0.21096324692043866 -1.4041475930361591 0.20300424503288789 -0.50177022195357013 -1.2191282040432876 -0.32297415202079138 -0.60759471299141954 0.76731562386775265 0.27940024692202325 -0.29234659574330923 0.47040000442526586 -0.18254734656192489 0.30344638817482228 -0.19392997478342403 -0.66236653941188872 -0.25321592173486274 0.59988374525649957 -0.68779211523883066 0.051095888103621985 -0.0023905166559895202 0.85503460667971931 0.21435310304312438 0.65520792296120212 -0.070469211756842828 0.21315383217556716 -0.12648017682683538 -0.10836917783758687 -0.38397757085067374 -0.45367917736978192 -0.69823826281661427 -0.64687217660738516 -0.35768124251746269 -0.11293260950544966 0.79906060266735091 0.38656002673387158 -0.075457275138628002 -0.49748638224760949 0.20844185022286538 -0.80774211663813433 0.62084682721477769 -0.32467633348586644 0.6131442708035908 -0.22753659562614922 -0.064428115174152228 0.29645387329852951 -0.44253879460511109 -0.20029054527968088 1.233178884140862 -0.19535156505947956 0.11395032894592241 -0.60870969386073692 -0.76356767515256674 0.12140448379578757 0.20163797207139245 -0.13327838014837687 -0.4586162678400848 -0.04720313763605577 0.31516518801452442 -0.55864339093991389 -0.44247157159116457 -0.44812729019212122 0.36794299327001917 0.076257937322759387 0.54792919828492326 -0.17581173433172576 -0.99018009344145352
0.48836743359713813 -0.62516166610940815 0.62253500915767013 -0.44630492712058867 -0.24918921513452719 -0.56052241876895426 -0.22550355811154787 -0.61442739835450955 -0.44800852488426868 0.50365554485594977 0.15463301499994642 -0.32458811352568501 0.15889044316952433 0.35104131335815231 0.022816047111998975 0.31177075144904054 0.14819915683387949 -0.58527991500395216 -0.83136737504067593 -0.54667537324504734 -0.31960362173660084 -0.071123565905752029 0.33622142608351002 0.088254916336378747 0.81759146855609832 -0.57661045615858153 -0.72354753678876083 0.69888014120046871 -0.28394506067353797 0.090789485195459069 0.090875096197419916 0.11442619164068817 0.071008962182382993 -0.0012769572725397041 -0.43843752500829752 1.0200021190605348 -0.55175723119251574 -0.35561118915772144 -0.59767357366850082 0.50684971622134556 -0.6539174358441322 0.31977075931058996 -0.62749258143402875 -0.46185312485897001 -0.25918649026910934 0.16561055054758497 -0.075017769630755946 0.17453491634247312 0.025641106215995798 0.60308875835110642 -0.35364453772947185 0.1833796361239764 0.16258605602507711 0.21654303824531088 -0.54723657282282523 -0.11595082239941744 -0.15260150753066307 0.059187079097591168 -1.2191282040432876 0.78215327641503518 -0.60759471299141954 0.042311897265235592 -1.2092800840704248 0.078646672003834628 0.11566606896191203 0.52987078789726616 -0.12844922276541756 -0.57565091109022071 -0.29127770402136938 0.19202363427008126 0.10815086232642218 0.22116012848612604 -0.7831429135805249 -0.53589023880604292 0.49729871533306363 0.21435310304312438 -0.78926062643078521 -0.46764784994199815 0.21315383217556716 -0.55797967128067139 -0.10836917783758687 -0.79721983848563638 -0.45367917736978192 0.037303181970217189 -0.64687217660738516 -0.35768124251746269 0.3770716229076097 0.79906060266735091 -0.82901132460213489 -0.57937722919122459 -0.10527908310886332 0.58782015139483546 -0.80774211663813433 0.62084682721477769 0.07224131144214363 -0.46447908768282081 0.15778783212743677 -0.57260493133481216 -0.17299278894611675 -1.1834572423324141 -0.20029054527968088 -0.55119836921669907 0.18651749369605389 -0.27706942331404733 -0.12191617075184356 0.17440793992371609 -0.23708263012053499 -0.55863763749898721 0.22471033607924817 -0.099120503193935908 0.78563401933615196 0.31516518801452442 -0.041300288940894943 -0.040796228382497968 0.26053304803810856 -0.04875436348714917 0.076257937322759387 -0.501579759046203 -0.93554498331896563 -0.27027576171236872
0.72710948377824181 0.012227358837161374 -0.50089752993035785 0.79511940449284124 0.00086489329286230129 0.12758130508242541 -0.70286341011245701 -0.61442739835450955 0.85119501198161152 -0.21130037105947802 0.63013850325708731 0.41190052180070102 0.00086278577352920133 -0.61534608414304082 -0.52164372322786889 -0.42684178369901626 0.6258745471473347 -0.58527991500395216 0.78715398692060767 -0.41840130021308336 -0.56537194119836187 -0.19142324445380421 -0.14832244274315709 0.088254916336378747 0.81759146855609832 0.5657825711068375 0.4390211080639515 -0.47965115852015616 0.64885596990175376 0.69061861474899899 -0.26901818520439608 0.23402375118849864 0.33574166495945174 -0.27330074803985416 -1.0287380715840684 0.026407999312259994 0.14433273733483873 -0.77505176118730856 0.059656727383397147 -0.23528237362809482 -0.034031279179084599 0.0029514614012061996 0.49909480074659823 -0.32313656408870578 -0.70276848142340009 -0.71352037800530133 1.0370736140003094 0.5542732140391653 0.549375324259188 0.24429895403136118 0.47131337536820234 0.056501771528089481 -0.973071175482359 0.088502277984898695 0.96916306666370255 0.17031512663096973 0.32153949588740477 -0.50177022195357013 0.025642828519874771 0.41377746693642631 0.12571841149549204 0.16314585169898832 0.52751363542076468 -0.045017750578546713 0.58864464957971696 0.1736617206676706 0.15948118452807578 0.95123283413696613 -0.53867026094838222 -0.10480273639988145 -1.3670477864638098 0.67563625034860442 -0.7831429135805249 0.17544272406069492 -1.1721354442846628 0.062182600187979588 -0.66888824731478635 0.72388806461346777 -0.14218189744873136 -0.98947916573450734 0.72945034622082672 -0.79721983848563638 0.26580928233155632 -0.57564802201880905 -0.025784088623724839 -0.11388895786558571 1.3570800877337283 0.42955758202074096 -0.28875739067502093 1.4363025870191617 0.15619244965030074 -0.044477017225114747 -0.26044546663993107 1.6505071342767517 -0.72159397841387651 0.25393648464145357 0.41467078396316087 0.78253324509361422 0.60941831479496034 0.051406837213090729 -0.20029054527968088 -0.67015685277386994 0.44109686619974298 -0.66808917557401704 -0.60870969386073692 0.018078670744335758 0.71888300698965857 0.45506317526151913 -0.72992624052775212 -0.21895242474265225 0.23040924802134694 0.31516518801452442 0.13114741172544467 -0.30857979052160905 -0.093797121077006343 -0.88214907700148593 0.54834729715539876 -0.85141607815657849 -0.049189526167185881 -0.75021198286509194
-1.087330097598145 0.13970516382647535 0.3978485013400645 0.46407291606259338 0.20090818003477406 -0.1476601844581264 -0.79833538051263875 0.15947071693654055 -0.37714287741885699 0.36066436167286403 0.24973411265137466 -0.17729038646040782 -0.125559340143267 -0.61534608414304082 -0.52164372322786889 0.16404824441942903 0.6258745471473347 0.33304406290718369 -0.18395883025616247 0.29993350876591518 0.122779353294569 0.0010562412230793186 0.04549510478750985 0.65504079199067422 -0.16154881558910894 0.26114443050272579 -0.72354753678876083 0.55745638523399366 0.27573555767163715 0.88256393620613161 0.59472569015996235 0.042667655912001751 0.5475278271811066 -0.16449123173292832 -0.084257197062835049 -0.47038906056187729 -0.13410325007610302 -0.43949930356363881 -0.59767357366850082 -0.38370879159798288 0.75942300135217644 -0.25050397692630072 0.048459847874347546 0.12075643037614041 0.0069627044234651199 -0.010215635162992252 0.44395820939707464 0.5542732140391653 0.13038794982463434 -0.042732889424434956 0.5655942797222222 0.25950635488150858 -0.064545390276410139 -0.013930330223430985 -0.85051650072013063 0.39932788585527929 0.13188309452017763 -0.50177022195357013 -0.098834274736441421 0.70847811451931331 -0.34360198817613158 0.2598130152459906 0.1305322138227783 0.74643455394869351 -0.16812107940877097 -0.11130553311600574 -0.30120746714151364 0.64585608509152881 -0.14284216986516166 0.013927811868103698 0.59988374525649957 -0.05152554463136081 -0.44944739290686608 0.31770931663404256 0.068015645717076842 0.30565540475621139 0.58298449549160269 -0.22934066703090492 -0.71071906484760905 0.046119620954699181 0.25069633247316186 -0.13603221026969611 -0.5975768693100495 0.1108573264489004 0.47108638176320355 -0.21140587172633651 -0.21093345598806151 -0.45724966753112306 0.14344575646667027 0.22689469729292999 -0.57592784207535874 0.66369581162922953 0.17739185335863156 -0.30584744914099871 -0.40405986247146852 -0.033429744288256111 0.3119176032288713 1.0535608803792997 0.10867520840067106 0.1501959635767311 0.085374734551693157 0.37667780252923255 0.33926511719826741 -0.35527337376604134 -0.21927487537362222 -0.48217499062968205 -0.81066201238665114 0.3536930939854685 -0.061680636902851797 -0.60241457369854434 -0.54690543181938045 -0.26439728085125447 -0.14476890934069872 -0.52280664023289791 0.47313114950717738 -0.54879119159575129 -0.20699567857682422 -0.71148155051242834 -0.55567835882534566 -0.27027576171236872
-0.22785871694617243 -0.14711989739948098 -0.22003939515835091 0.38131129395503127 0.12589194750655713 0.21359427056384789 0.49053621988981572 -0.37258423732605644 0.43781206843337683 -0.56877832901719194 -0.083119729128624031 0.043656204137508023 0.39593192926351722 0.35104131335815231 0.56727581745186695 -0.42684178369901626 0.14819915683387949 -0.011327428809492349 -0.22442186430519459 0.60779128404262872 -0.31960362173660084 -0.071123565905752029 -0.027186475536490274 -0.44310684208952333 -0.40633388662541059 -0.19581278040344188 -0.28758429496899368 -0.53857772350618738 0.18245545461410792 0.090789485195459069 -0.44896482590530407 0.47321887028411991 -0.52463961906602141 -0.40931264342351131 -0.084257197062835049 0.2748065292493288 -0.029689754796999868 -0.14589090314292788 0.63482074080380801 -0.60634841855281529 0.27591179915343927 -0.15545818755348562 0.2174479552014415 -0.045703442548176966 -0.037395494691963994 -0.27395491372885822 0.29567935824626584 -0.20520338135421912 0.025641106215995798 0.42369385619123379 0.70701563625325226 -0.0069371607698538998 0.91969087703003449 0.40860417863592907 -0.35768661788700923 -0.76004920771778828 -0.68601013637598951 0.33966572962317182 -0.51894449822650879 0.78215327641503518 0.05238709904680075 0.76731562386775265 -0.27885487720014479 -0.29234659574330923 0.64776697215694279 0.70797532151206388 0.087498582704702343 -0.0030695066300256775 0.079811131369149968 -0.25321592173486274 -0.38358202060365515 -0.0060779324451131359 0.051095888103621985 -0.26914037773101623 -0.039305121686919776 -0.013902651239593009 -0.24758492040878996 -0.070469211756842828 0.39082169698771646 0.30501931762700063 0.071163577317787483 -0.38397757085067374 -0.63355129229511642 0.22118854316692504 0.47108638176320355 0.0080071844603528675 -0.11293260950544966 0.42955758202074096 0.38656002673387158 -0.57937722919122459 0.090824566460509765 0.20844185022286538 -0.60250587288880808 0.23472421206653749 -0.12621751102186141 -0.46447908768282081 -0.034874381749356226 -0.31851652325448221 0.061730542176206396 -0.44253879460511109 0.6924134541933632 -0.19432291854518685 0.37745202307382059 0.11395032894592241 -0.12191617075184356 0.17440793992371609 0.30064804075394885 0.58177577685658233 -0.13327838014837687 0.44012314377528744 0.16100615160699616 0.31516518801452442 -0.29997183994040444 0.76255445803483524 0.083367963480551102 -0.25710304186573335 -0.1007755726144804 -0.501579759046203 0.58392151465551412 0.089676404152173719
0.24962538341603452 -0.62516166610940815 0.99701252218701264 -0.86011303765839864 0.50097311014764145 0.12758130508242541 -0.70286341011245701 0.67540279379724055 0.85119501198161152 -0.21130037105947802 -0.63787613209528848 -0.079091901750223043 0.63297341535751017 -0.61534608414304082 0.20430263722528824 1.0503832865970972 -0.64792649368854593 0.94526004818127407 -0.29186025438691476 -0.93149759234093932 -0.56537194119836187 -1.1538206728382212 0.33622142608351002 0.088254916336378747 -0.27034218049413195 -0.44967789757353499 1.0203054304903079 0.46317388125634368 0.64885596990175376 0.21075531110616691 -0.26901818520439608 0.71241398937974121 0.33574166495945174 0.81479441502940353 -0.55649763432345167 0.026407999312259994 0.14433273733483873 0.34345643089159034 -0.59767357366850082 0.50684971622134556 -0.034031279179084599 0.0029514614012061996 -0.25196345404048626 -0.87800280716976309 -0.11132582655101249 -0.71352037800530133 0.54281077683094714 0.047955483776908982 0.549375324259188 -0.71247385748795955 -0.47149566817199678 -0.45100968685545795 0.036401919190917488 -0.93582380409839827 -0.54723657282282523 0.17031512663096973 -0.15260150753066307 -0.50177022195357013 0.025642828519874771 0.41377746693642631 0.71236891108502098 -0.32018996603602295 -0.46493991857420081 -1.034333131237597 0.58864464957971696 0.1736617206676706 -0.41637963005891093 0.44227158572790393 0.94568508061369494 -0.69845547773980676 -0.7114039425570402 -0.53630007461800466 0.32917548866500418 -0.53589023880604292 -0.21817306736024758 0.062182600187979588 0.77558030207720097 -0.33525497054694642 -0.14218189744873136 -0.41414650646272616 0.25069633247316186 -0.24623014830568621 -0.6935086639368947 -0.57564802201880905 -0.025784088623724839 0.37369561143816843 -0.60293684191850905 -0.55578380637021918 0.25149654325209303 0.76440931494903286 0.67913551516862902 -0.55031475212107472 0.2868511833582722 0.10601667368379071 0.86607660129816377 -0.22500723024139607 -0.61286102337973525 0.78253324509361422 -0.64243945119076307 0.051406837213090729 -0.67639934499863774 -0.67015685277386994 -0.068061878807635187 -0.14672950589405753 0.68940636776297859 0.64339574746185746 -0.23708263012053499 0.9619135816417721 0.22471033607924817 -0.69828011093751741 -0.8800402946082635 0.31516518801452442 -0.55864339093991389 0.76255445803483524 0.85108332989663349 0.22904387435096318 -0.39583142250988013 -0.1517434399358274 -0.55567835882534566 0.20966045944035441
0.010883333234931191 0.33092187131044615 -0.12642001690101526 -0.58424096396652525 0.25091900172025194 -0.21647055684326441 -0.22550355811154787 0.030487697721365465 -0.32989911244191589 -0.21130037105947802 0.31313484441899325 0.41190052180070102 0.00086278577352920133 0.35104131335815231 -0.15867054300129035 0.065566573066354827 -0.011025973270605439 0.17999006658866093 -0.022106694060034137 -0.1618531541491553 0.90923797557220398 0.28977546973840435 -0.14832244274315709 0.088254916336378747 -0.27034218049413195 0.058052336766651176 0.4390211080639515 0.46317388125634368 -0.28394506067353797 0.69061861474899899 0.45076837759923588 -0.48356160609836468 -0.19372374059468578 0.27074683349477463 0.38798324019778146 -0.22199053062480847 0.492377721598516 -0.21579766514785909 -0.26900842314255186 0.13578367129662511 -0.77789466717714184 -0.31386783650817751 0.49909480074659823 -0.045703442548176966 0.18439550088518139 -0.42047673515433925 -0.44571489750777771 -0.71152111161647547 -0.4980931118271964 -0.2340874517282992 0.70701563625325226 0.056501771528089481 0.28877019285923672 0.6006653190265473 -0.54723657282282523 0.45658107566135647 -0.38967200923969697 -0.12779868791946264 -0.28554992962091591 -0.32297415202079138 -1.0475825876835665 -0.32018996603602295 0.031286858423281771 -0.29234659574330923 -0.83029109227369824 0.64860714364046457 -0.41637963005891093 -0.066689662681158571 0.45089996675966926 -0.69845547773980676 0.27206182330311446 -0.23331599337635231 0.32917548866500418 0.17544272406069492 0.020317526870856265 0.062182600187979588 0.53483554384520327 -0.33525497054694642 0.33159907538366656 -0.70181283609861655 0.011319325599329419 0.30475954187426391 0.74546825546578166 0.65025438595924345 0.22265114656973942 0.61748789609004562 -0.27626735364313615 0.18322223492300099 -0.018630423711463902 0.42846267891396855 0.67913551516862902 0.20844185022286538 0.56049950835737394 -0.15139840308170269 0.33685307472748383 0.25393648464145357 0.41467078396316087 -0.23382038722770554 0.29645387329852951 -0.93648442642331309 0.27581825443927582 -0.19432291854518685 -0.32264125131132393 -0.14672950589405753 0.36487735235704977 0.018078670744335758 -0.47607403939808329 0.45506317526151913 0.46336948023099833 -0.4586162678400848 -0.04720313763605577 0.073680825987116616 0.13114741172544467 -0.30857979052160905 0.14242299166640368 0.22904387435096318 -0.15978674259356027 -0.1517434399358274 -0.049189526167185881 -0.030307651136006978
0.72710948377824181 0.64961638378373088 -0.50089752993035785 0.24337525710909477 0.00086489329286230129 -0.56052241876895426 0.25185629388936104 0.030487697721365465 -0.56611793732662141 -0.21130037105947802 -0.63787613209528848 0.90289294535162501 0.63297341535751017 0.028912180857754571 0.20430263722528824 0.065566573066354827 -0.011025973270605439 0.94526004818127407 0.78715398692060767 0.094694991914772653 -0.56537194119836187 -0.19142324445380421 -1.1174101803964913 -0.38406664670886764 -0.81430900501924697 1.0735128054470235 -0.14226321436240466 -0.47965115852015616 0.64885596990175376 0.69061861474899899 0.69069723186711329 0.71241398937974121 -0.19372374059468578 -0.817348329574483 0.38798324019778146 1.0200021190605348 0.14433273733483873 0.90271052693103992 -0.59767357366850082 0.50684971622134556 0.46187764615295357 -0.63068713441756119 -0.25196345404048626 0.23172967899235186 1.6630021380661504 1.0447414791004712 1.0370736140003094 0.047955483776908982 -0.1489369664650681 -0.2340874517282992 0.47131337536820234 0.56401322991163705 0.036401919190917488 0.088502277984898695 0.96916306666370255 0.17031512663096973 0.79568049930547291 -0.50177022195357013 0.025642828519874771 -0.56855802500653063 -0.46093208809403735 -1.2868616015060459 0.52751363542076468 0.44963993975097849 -0.35731251165589312 0.1736617206676706 -0.41637963005891093 -0.066689662681158571 0.45089996675966926 -0.10480273639988145 -0.055760098650270123 0.67563625034860442 0.32917548866500418 0.17544272406069492 -0.69515425582245516 0.062182600187979588 -0.66888824731478635 0.19431654703326068 0.33159907538366656 0.16118615280905541 0.25069633247316186 0.30475954187426391 0.26580928233155632 0.8954348675548538 -0.025784088623724839 -1.0890580964730938 0.050402134632236757 0.42955758202074096 -0.28875739067502093 -0.57937722919122459 -0.36675061586802749 0.96719845256680548 0.2868511833582722 0.10601667368379071 -0.19237045184319654 -0.22500723024139607 -0.61286102337973525 0.78253324509361422 -0.016510568197901355 -0.44253879460511109 0.75192705415823291 -0.19432291854518685 0.44109686619974298 -0.66808917557401704 0.68940636776297859 0.64339574746185746 -0.23708263012053499 0.45506317526151913 -0.25260795222425197 -0.69828011093751741 0.23040924802134694 -0.16780353604029133 0.13114741172544467 -0.30857979052160905 -0.093797121077006343 0.22904387435096318 0.54834729715539876 -0.1517434399358274 -0.049189526167185881 0.20966045944035441
0.48836743359713813 0.33092187131044615 -0.50089752993035785 0.79511940449284124 0.50097311014764145 0.47163316700811525 -0.22550355811154787 0.35294524575930303 -0.80233676221132688 0.50365554485594977 0.63013850325708731 0.41190052180070102 0.63297341535751017 -0.61534608414304082 0.56727581745186695 -0.42684178369901626 0.6258745471473347 0.17999006658866093 0.78715398692060767 -0.93149759234093932 0.41770133664868214 0.28977546973840435 -0.39059437715649059 -0.62022742823149069 0.001641231768425719 0.5657825711068375 0.14837894685077346 -0.0082386386319061675 0.64885596990175376 0.45068696292758292 1.1705549404028679 0.47321887028411991 -0.7231891461488229 -0.0012769572725397041 -0.084257197062835049 0.2748065292493288 0.492377721598516 -0.77505176118730856 -0.59767357366850082 -0.60634841855281529 0.46187764615295357 -0.63068713441756119 0.49909480074659823 0.78659592207340912 0.18439550088518139 1.0447414791004712 1.0370736140003094 -0.20520338135421912 0.549375324259188 0.24429895403136118 -9.1146401897139671e-05 1.3252804174869581 1.2982432875325132 0.6006653190265473 0.21096324692043866 0.74284702469174368 -0.15260150753066307 -0.50177022195357013 0.64802834480145566 -0.32297415202079138 0.71236891108502098 0.40481376056649415 0.27940024692202325 -1.034333131237597 -0.59380180196479559 0.88607985512686172 -0.12844922276541756 0.18779096152337268 -0.29127770402136938 -0.69845547773980676 -0.38358202060365515 0.67563625034860442 0.051095888103621985 0.53110920549406393 -0.21817306736024758 -1.15518142265318 -1.150377763778782 -0.070469211756842828 -0.14218189744873136 -0.12648017682683538 0.96882735309465928 0.85574923205421416 -0.45367917736978192 -1.0660089852100301 0.47108638176320355 0.37369561143816843 0.3770716229076097 0.42955758202074096 -0.82901132460213489 0.42846267891396855 1.4635501134461213 -0.55031475212107472 0.013202858359170618 -0.15139840308170269 0.86607660129816377 0.25393648464145357 0.15778783212743677 -0.57260493133481216 -0.64243945119076307 0.29837965312219183 -0.20029054527968088 0.51942798279783764 0.18651749369605389 0.11395032894592241 -0.60870969386073692 -0.29457986761442534 0.4798915977121101 -0.55863763749898721 0.94068776853449831 0.26037526145221301 0.78563401933615196 -0.40928789806769911 -0.55864339093991389 0.76255445803483524 -0.80245745930723611 0.78464035002718757 0.076257937322759387 0.54792919828492326 -0.55567835882534566 1.1695329017458009
-0.22785871694617243 1.2870054087303004 -0.50089752993035785 0.79511940449284124 -0.99935154041669583 -0.56052241876895426 -1.6575831141142749 -0.61442739835450955 -0.093680287557210487 -0.21130037105947802 0.63013850325708731 0.41190052180070102 0.63297341535751017 3.250203505861732 1.6561953581316027 -1.9040668539951298 0.6258745471473347 -2.1158198781891784 -0.83136737504067593 0.60779128404262872 0.41770133664868214 0.28977546973840435 -1.1174101803964913 -1.3287097727993602 -2.446209478594592 -0.95740813191372121 1.0203054304903079 -0.0082386386319061675 -1.2167460912488297 1.1704819183918307 -0.26901818520439608 -0.24436648700274358 -0.7231891461488229 -0.817348329574483 -0.084257197062835049 -1.9607802401842893 -0.55175723119251574 0.90271052693103992 3.3463082326428872 0.50684971622134556 1.949604422149068 -0.63068713441756119 0.49909480074659823 0.78659592207340912 -0.70276848142340009 -0.71352037800530133 1.0370736140003094 0.5542732140391653 0.549375324259188 -1.1908602632476197 -9.1146401897139671e-05 0.56401322991163705 0.54113846652755582 -0.93582380409839827 0.96916306666370255 -0.97474866949057848 -1.575024517784867 -0.50177022195357013 -1.2191282040432876 -1.059725770978009 0.71236891108502098 -0.32018996603602295 -1.9536202495666488 -1.034333131237597 1.5346018108153272 0.1736617206676706 -0.99224044464589722 -2.1025346563174074 -1.033455374802408 -0.69845547773980676 -1.3670477864638098 -1.1422682371013091 -0.7831429135805249 -0.53589023880604292 -0.21817306736024758 -1.15518142265318 -1.150377763778782 2.3126026173540892 1.2791610210484627 -0.98947916573450734 0.25069633247316186 -0.79721983848563638 0.26580928233155632 -1.0660089852100301 -1.0195250293975815 -1.0890580964730938 1.3570800877337283 -1.0484545005656991 -0.82901132460213489 1.4363025870191617 -0.88969368138635563 -0.55031475212107472 -0.80774211663813433 -0.923643633378183 0.86607660129816377 0.25393648464145357 0.92843668763460874 -0.57260493133481216 -0.64243945119076307 1.0392981008494948 -0.20029054527968088 -0.19432291854518685 0.95025561120712077 -2.2321681846138959 -0.60870969386073692 -1.2325554826907081 1.1968658255447553 -2.0791888566397465 -1.2072445288312521 0.26037526145221301 -0.8800402946082635 1.7640713601789715 -0.55864339093991389 0.76255445803483524 -0.093797121077006343 0.78464035002718757 0.076257937322759387 0.54792919828492326 0.96378813914913408 -1.7100844251705385
-0.94408486748948306 -0.14711989739948098 -0.50089752993035785 -0.44630492712058867 0.12589194750655713 -0.56052241876895426 -0.5835234471122297 -0.13074107629760326 0.26064794976984773 -0.56877832901719194 0.15463301499994642 -0.32458811352568501 -0.31519252901846151 0.35104131335815231 0.022816047111998975 -0.057535516124987862 -0.80715162379303085 -0.58527991500395216 0.38252364643028675 -0.54667537324504734 0.04904885745604063 -0.79292163719406483 -0.027186475536490274 -0.62022742823149069 -0.40633388662541059 -0.95740813191372121 -0.72354753678876083 -0.0082386386319061675 -0.28394506067353797 0.090789485195459069 0.45076837759923588 0.47321887028411991 0.46810801634798593 -0.40931264342351131 -0.43843752500829752 0.64740432415493188 -0.029689754796999868 0.063829382871865667 -0.10467584787957733 -0.60634841855281529 -0.6539174358441322 0.79499970617466553 0.49909480074659823 -0.045703442548176966 1.0715594831937627 0.16561055054758497 -0.075017769630755946 -0.20520338135421912 -0.4980931118271964 -0.11449085028838407 -0.35364453772947185 -0.1972539576636842 -0.59451876497988032 0.21654303824531088 -0.16813666295119326 0.74284702469174368 0.20300424503288789 -0.50177022195357013 0.1812392075902699 0.41377746693642631 0.2723810363928742 0.40481376056649415 -0.09276983582608879 -0.29234659574330923 -0.23906786650144179 -0.53875641379152039 0.73534199911506204 -0.19392997478342403 -0.29127770402136938 -0.69845547773980676 0.10815086232642218 -0.23331599337635231 -0.7831429135805249 -0.53589023880604292 -0.21817306736024758 -0.24215840552231041 -0.42814348908278838 -0.070469211756842828 -0.85285335669732842 -0.55797967128067139 0.25069633247316186 0.85574923205421416 0.26580928233155632 0.037303181970217189 -0.27421932381718894 1.1050724653937996 0.3770716229076097 0.060054561374130927 -0.018630423711463902 -0.57937722919122459 0.28692821602988283 0.20844185022286538 -0.39726962913948183 0.62084682721477769 0.07224131144214363 -0.46447908768282081 0.92843668763460874 -0.064428115174152228 1.2353471977878221 -0.44253879460511109 0.51387265429875439 -0.55119836921669907 -0.19535156505947956 -1.0591089278339869 -0.60870969386073692 -0.29457986761442534 0.4798915977121101 -0.93877544228417709 -0.49126709637600191 0.61987102609836187 0.36921544085004809 -0.047061355026587356 0.47604281305812401 -0.84414691479983117 0.61486321715322345 -0.04875436348714917 0.43032495719723896 0.54792919828492326 0.20405489016189418 0.44962857001671613
0.13025435832548285 -0.62516166610940815 0.060818739613656074 -0.032496816582778684 1.2511354354298101 -0.56052241876895426 0.13251633088913389 -0.13074107629760326 -0.44800852488426868 -0.21130037105947802 0.15463301499994642 1.148389157127087 0.15889044316952433 0.35104131335815231 -0.52164372322786889 0.31177075144904054 0.14819915683387949 -0.20264492420764563 -0.42673703455035505 0.60779128404262872 0.41770133664868214 0.28977546973840435 0.33622142608351002 0.088254916336378747 0.001641231768425719 0.5657825711068375 -0.28758429496899368 0.3453207512842813 0.64885596990175376 0.090789485195459069 0.8106616590010518 -0.60315916564617533 0.46810801634798593 -0.40931264342351131 -1.1467981808992225 -0.097791265656274245 -0.029689754796999868 0.90271052693103992 -0.10467584787957733 -0.049749351165734854 0.089945952153924993 -0.15545818755348562 -0.064198890343715245 -0.045703442548176966 0.62797749203947217 0.16561055054758497 0.66637648612328759 -0.20520338135421912 0.025641106215995798 0.24429895403136118 -1.0607513203846213 0.1833796361239764 0.54113846652755582 -0.16757924253592552 -0.54723657282282523 -0.54534974594499797 0.20300424503288789 1.1811016811999138 0.1812392075902699 0.41377746693642631 0.2723810363928742 -1.4076955559397986 0.65157032967013528 -0.29234659574330923 -0.94853573742814945 -0.89496548102111595 -0.12844922276541756 -0.19392997478342403 0.079811131369149968 -0.25321592173486274 -0.38358202060365515 0.22116012848612604 0.051095888103621985 -0.53589023880604292 -0.21817306736024758 0.21435310304312438 0.29409078561320529 -0.070469211756842828 0.21315383217556716 -0.12648017682683538 0.25069633247316186 0.85574923205421416 0.26580928233155632 -0.33046754042319854 0.098433528973007292 -0.72336966949527826 -0.60293684191850905 -0.3094484592724791 -0.018630423711463902 -0.075457275138628002 0.28692821602988283 0.20844185022286538 -0.39726962913948183 1.0069694423630178 -1.5154292682698967 0.25393648464145357 -0.22753659562614922 -0.064428115174152228 -0.64243945119076307 0.66883887698584332 -0.55737214506889843 -0.19432291854518685 -0.57722062381501305 0.11395032894592241 -0.12191617075184356 -0.29457986761442534 0.4798915977121101 0.58177577685658233 0.58269905230687324 0.26037526145221301 0.36921544085004809 0.31516518801452442 -0.55864339093991389 -0.040796228382497968 -0.80245745930723611 -0.46545172024431752 0.43032495719723896 0.023174719619360164 -0.17581173433172576 0.44962857001671613
0.24962538341603452 0.012227358837161374 -0.25124585457746279 0.059460541314512463 0.50097311014764145 -0.10178660286803447 0.092736343222391618 0.24545939641332382 0.22127814562239695 0.10645781379182334 -0.003868814419100411 -0.079091901750223043 -0.42054430061579173 -0.18584057414251057 -0.27966160307681653 0.065566573066354827 -0.43562632021589914 -0.075099927275543557 -0.11202454750232771 -0.076337105461179264 -0.23768084858268049 0.61057461253321021 -0.14832244274315709 -0.38406664670886764 -0.089019905652426831 0.39653915966010861 0.051498226446380725 0.62031138788576035 -0.18030050172072773 -0.58901686163188594 0.0508869538194405 0.23402375118849864 -0.017235272076639926 0.089397639649898469 0.07315628202403722 -0.30479004060383141 -0.31972724168339761 -0.21579766514785909 -0.15945337296723552 0.01209498965505164 -0.52994020451112267 0.0029514614012061996 0.24874204915090323 0.04677426463199931 0.085821725073116722 -0.51815794943799331 -0.44571489750777771 -0.28958966973126188 0.083833797109683611 -0.2340874517282992 0.62844821595823563 0.39484274378378775 -0.13184359658796185 0.088502277984898695 0.12671882250452043 -0.21137280540954648 0.32153949588740477 -0.0031415099080934505 0.025642828519874771 -0.24111286102554494 0.12571841149549204 -0.15907802679101907 0.031286858423281771 0.11986814619796174 0.43098512270711559 0.1736617206676706 0.54338839425273322 -0.066689662681158571 -0.043885147094356536 0.093081510713427004 -0.055760098650270123 -0.13232129962913486 0.32917548866500418 0.17544272406069492 -0.53616052633505262 0.46797060780169913 -0.18739873085079053 0.54736422542006535 -0.14218189744873136 -0.22236895337213231 -0.068473010025281444 -0.062566918245702832 -0.053963366424593991 -0.085287058827588108 0.13983940150525134 0.37369561143816843 0.48596145233273402 0.10111045255708762 -0.10867274603264961 -0.13144838114447208 -0.36675061586802749 0.12413556107353868 0.2868511833582722 0.79245687839177337 -0.19237045184319654 -0.22500723024139607 0.072160181515528735 -0.34674856859674108 0.40077535379733986 -0.11324170672630966 -0.041587612040028525 0.28151101568349601 -0.068061878807635187 0.54841672034588862 -0.17600433998616508 0.22651769631684274 -0.077755023935502668 -0.38968750203890279 0.38381643218041495 -0.059176529344363793 0.41548417179294839 0.47615476269946305 -0.098782855829674845 0.22698733375661304 0.22116302924754036 0.22904387435096318 -0.2384683025656669 0.31470498554467291 0.62612891737702736 -0.11029702132812755
-0.22785871694617243 -0.62516166610940815 -0.50089752993035785 -0.032496816582778684 1.2511354354298101 -0.56052241876895426 0.49053621988981572 -0.61442739835450955 1.3236326617510223 -0.92625628697490581 -0.32087247325719448 0.41190052180070102 -0.31519252901846151 0.35104131335815231 -0.52164372322786889 0.31177075144904054 0.6258745471473347 0.94526004818127407 0.78715398692060767 -0.93149759234093932 -0.31960362173660084 -1.1538206728382212 -0.39059437715649059 0.088254916336378747 -0.81430900501924697 0.5657825711068375 0.14837894685077346 -1.4224761982966561 0.64885596990175376 0.45068696292758292 1.1705549404028679 -0.24436648700274358 0.071008962182382993 -0.817348329574483 0.62410345882808982 0.2748065292493288 -0.55175723119251574 0.063829382871865667 -0.59767357366850082 0.50684971622134556 -0.28198574184510361 0.31977075931058996 -0.62749258143402875 0.78659592207340912 0.18439550088518139 -0.71352037800530133 -0.44571489750777771 0.5542732140391653 0.549375324259188 -0.47328065460812929 0.70701563625325226 1.3252804174869581 0.54113846652755582 0.6006653190265473 0.21096324692043866 -0.97474866949057848 -1.575024517784867 -0.50177022195357013 -0.28554992962091591 -0.32297415202079138 0.71236891108502098 0.40481376056649415 -0.46493991857420081 0.44963993975097849 0.11566606896191203 -0.53875641379152039 -0.99224044464589722 0.18779096152337268 -1.033455374802408 -0.69845547773980676 0.59988374525649957 -2.0512204808262657 -0.7831429135805249 -0.53589023880604292 1.2127704980263749 0.67086461160855915 -0.42814348908278838 -0.070469211756842828 -0.14218189744873136 0.73651881208083658 0.96882735309465928 0.029264696784288901 0.26580928233155632 0.40507390436363289 -1.0195250293975815 0.37369561143816843 -0.60293684191850905 -0.3094484592724791 -0.018630423711463902 -0.57937722919122459 -0.10527908310886332 0.96719845256680548 0.83414783335647547 1.393092057511258 0.07224131144214363 1.6907676292900025 0.15778783212743677 -0.57260493133481216 -0.64243945119076307 -0.44253879460511109 -0.91445374485811615 -0.19432291854518685 0.95025561120712077 -1.4501286800939566 -0.60870969386073692 0.64339574746185746 0.4798915977121101 0.9619135816417721 -0.49126709637600191 -0.4586162678400848 -0.04720313763605577 0.31516518801452442 -0.55864339093991389 -0.040796228382497968 -0.093797121077006343 -0.88214907700148593 0.076257937322759387 0.54792919828492326 0.20405489016189418 -0.27027576171236872
-0.22785871694617243 -0.62516166610940815 -0.50089752993035785 0.79511940449284124 0.00086489329286230129 0.81568502893380501 0.25185629388936104 -0.61442739835450955 -1.0385555870960324 0.26533690621747369 -0.003868814419100411 -0.079091901750223043 0.63297341535751017 0.028912180857754571 0.93024899767844538 -0.91925014046438747 0.6258745471473347 -0.075099927275543557 0.2476468662668464 0.094694991914772653 0.41770133664868214 0.28977546973840435 -0.14832244274315709 0.56057647938162491 -0.27034218049413195 0.058052336766651176 -0.72354753678876083 -0.47965115852015616 0.026988616184892757 0.21075531110616691 -0.74887589374015073 0.23402375118849864 -0.19372374059468578 -0.27330074803985416 -0.084257197062835049 -0.47038906056187729 -0.55175723119251574 -0.21579766514785909 0.059656727383397147 -0.23528237362809482 -0.52994020451112267 0.0029514614012061996 -0.25196345404048626 0.78659592207340912 1.0715594831937627 1.0447414791004712 0.048547939661584542 -0.45836224648534729 -0.84724925718932464 0.72268535979102144 0.47131337536820234 0.56401322991163705 0.54113846652755582 -0.93582380409839827 0.96916306666370255 -0.97474866949057848 0.32153949588740477 -0.50177022195357013 0.025642828519874771 -0.077390279035052217 0.71236891108502098 0.16314585169898832 0.52751363542076468 0.44963993975097849 -0.35731251165589312 -0.30128370230512347 -0.41637963005891093 0.44227158572790393 -0.043885147094356536 0.48885000494004388 0.59988374525649957 0.069668087865300057 0.32917548866500418 -0.53589023880604292 0.73578930956416755 -0.54649941123260037 -0.66888824731478635 -0.33525497054694642 -0.14218189744873136 -0.41414650646272616 -0.22805768127450315 0.30475954187426391 -0.21384969080266922 -0.085287058827588108 0.96795685215013172 -0.11388895786558571 0.70374111118298255 -0.55578380637021918 -0.82901132460213489 0.76440931494903286 0.15619244965030074 -0.044477017225114747 0.2868511833582722 -0.40881347984719618 0.86607660129816377 -0.22500723024139607 0.92843668763460874 0.78253324509361422 -0.016510568197901355 0.051406837213090729 0.27581825443927582 0.75734494991217916 0.95025561120712077 0.37463016378590236 -0.60870969386073692 0.64339574746185746 -0.71506544867563182 -0.051787231118734213 0.22471033607924817 0.73970294764707811 -0.8800402946082635 0.31516518801452442 -0.55864339093991389 0.22698733375661304 0.37864310440981341 -0.32655260132526154 0.54834729715539876 -0.1517434399358274 0.45729930649097428 -0.27027576171236872
-0.22785871694617243 -0.62516166610940815 0.62253500915767013 0.79511940449284124 -0.24918921513452719 0.47163316700811525 -0.22550355811154787 -0.61442739835450955 0.61497618709690594 -0.92625628697490581 -0.32087247325719448 -1.0610767488520711 0.63297341535751017 0.35104131335815231 1.6561953581316027 0.31177075144904054 0.6258745471473347 0.17999006658866093 -0.83136737504067593 0.60779128404262872 -0.31960362173660084 0.28977546973840435 1.0630372293235106 0.088254916336378747 -0.81430900501924697 -0.19581278040344188 0.14837894685077346 -1.4224761982966561 0.64885596990175376 -0.9889029480009125 0.45076837759923588 -0.96195184428960701 0.071008962182382993 -0.817348329574483 0.62410345882808982 0.2748065292493288 -0.55175723119251574 -0.77505176118730856 2.3603127810650402 -0.60634841855281529 0.46187764615295357 -0.63068713441756119 -0.62749258143402875 -1.7103021717913491 1.0715594831937627 -0.71352037800530133 -0.44571489750777771 0.5542732140391653 -0.4980931118271964 1.6794581713103423 -9.1146401897139671e-05 1.3252804174869581 -0.21596635447740159 -0.93582380409839827 0.96916306666370255 0.74284702469174368 -0.15260150753066307 1.7420589822510752 0.64802834480145566 -0.32297415202079138 -1.9275583370678602 0.40481376056649415 -0.46493991857420081 0.44963993975097849 -0.59380180196479559 -0.53875641379152039 -0.12844922276541756 0.95123283413696613 -1.033455374802408 -0.69845547773980676 -0.38358202060365515 -1.1422682371013091 -0.7831429135805249 0.53110920549406393 -0.21817306736024758 -0.24215840552231041 0.29409078561320529 -0.070469211756842828 0.56848956179986565 0.73651881208083658 -1.185565708769833 0.029264696784288901 0.26580928233155632 0.40507390436363289 0.47108638176320355 0.37369561143816843 -0.60293684191850905 -1.0484545005656991 -0.82901132460213489 -0.57937722919122459 0.67913551516862902 0.20844185022286538 -0.80774211663813433 0.62084682721477769 0.86607660129816377 -0.46447908768282081 0.15778783212743677 -0.57260493133481216 0.29645387329852951 -0.44253879460511109 0.51387265429875439 0.51942798279783764 -1.34095874132608 -0.66808917557401704 0.36487735235704977 0.64339574746185746 0.4798915977121101 -0.55863763749898721 0.22471033607924817 -0.4586162678400848 -0.04720313763605577 -0.40928789806769911 0.47604281305812401 0.76255445803483524 0.61486321715322345 -0.04875436348714917 0.78439197707171859 0.54792919828492326 0.96378813914913408 -0.99018009344145352
0.24962538341603452 0.64961638378373088 0.24805749612832736 -0.30836889027465214 0.00086489329286230129 0.12758130508242541 0.25185629388936104 0.030487697721365465 0.37875736221220035 0.74197418349442579 0.63013850325708731 0.41190052180070102 -0.63124784381045218 -0.61534608414304082 0.20430263722528824 0.065566573066354827 -0.011025973270605439 -0.075099927275543557 -0.29186025438691476 0.60779128404262872 0.41770133664868214 1.2521728981228215 -0.14832244274315709 0.088254916336378747 0.27362464403098341 -0.95740813191372121 0.4390211080639515 -0.0082386386319061675 0.026988616184892757 0.21075531110616691 0.21083952333135847 0.71241398937974121 0.33574166495945174 -0.27330074803985416 0.86022367745839823 -0.47038906056187729 -0.55175723119251574 0.34345643089159034 0.71698702843529516 -0.23528237362809482 -0.52994020451112267 -0.63068713441756119 -0.25196345404048626 0.23172967899235186 -0.11132582655101249 -0.12743309230337718 0.54281077683094714 0.047955483776908982 -0.84724925718932464 0.24429895403136118 -0.94290018994209646 1.0715246882951843 0.54113846652755582 -0.42366076305674977 0.96916306666370255 -0.40221677142980461 0.32153949588740477 0.99411591418285994 0.64802834480145566 -0.077390279035052217 0.12571841149549204 0.64648166943399998 -0.46493991857420081 0.44963993975097849 0.11566606896191203 -0.30128370230512347 0.15948118452807578 -0.066689662681158571 -0.043885147094356536 -0.10480273639988145 -0.055760098650270123 -0.53630007461800466 0.88533468978776875 -0.53589023880604292 0.25880812110195978 -0.54649941123260037 -0.66888824731478635 -0.33525497054694642 -0.14218189744873136 0.16118615280905541 -0.22805768127450315 0.30475954187426391 -1.1731676370711202 1.3857958307460749 0.96795685215013172 0.86128018074192247 0.050402134632236757 -0.063113112174739139 0.79175047717920699 0.092516042878904151 0.15619244965030074 0.46136071767084552 0.2868511833582722 1.6505071342767517 -0.19237045184319654 -0.70395094512424561 0.41467078396316087 0.10496415687940103 0.60941831479496034 -0.44253879460511109 -0.67639934499863774 0.75734494991217916 0.44109686619974298 0.89598983346586192 0.040348336951120847 0.64339574746185746 -0.23708263012053499 0.45506317526151913 -1.2072445288312521 -0.21895242474265225 0.78563401933615196 -0.16780353604029133 0.82093821439080328 0.76255445803483524 0.85108332989663349 -0.32655260132526154 1.0204366569880383 0.54792919828492326 -0.049189526167185881 -1.2301482040178153
-0.46660076712727594 0.012227358837161374 -0.12642001690101526 -0.30836889027465214 -0.74929743198930632 0.47163316700811525 -0.22550355811154787 -0.61442739835450955 -0.56611793732662141 0.26533690621747369 -0.003868814419100411 0.16640431002523909 0.00086278577352920133 -0.29321695164264311 -0.15867054300129035 0.31177075144904054 -0.64792649368854593 -1.095459902732361 -0.022106694060034137 -0.67494944627701137 -0.31960362173660084 0.049176112642300158 -0.14832244274315709 -0.38406664670886764 -0.81430900501924697 -0.44967789757353499 -0.14226321436240466 -0.0082386386319061675 -0.28394506067353797 -0.029176340715248772 0.21083952333135847 0.23402375118849864 0.86520707051358892 -0.0012769572725397041 -0.084257197062835049 0.52320505918639759 -0.20371224692883852 -0.21579766514785909 -0.26900842314255186 -0.60634841855281529 1.4536954968170299 0.0029514614012061996 0.49909480074659823 0.23172967899235186 0.48011682832137514 0.45865419339854702 -0.19858347892309641 -0.45836224648534729 -0.4980931118271964 0.48349215691119146 0.70701563625325226 -0.70476541604723175 0.28877019285923672 0.34458379850572307 0.4636965201681934 -0.11595082239941744 -0.38967200923969697 0.62014438014875251 0.025642828519874771 -0.56855802500653063 -0.16760683829927267 0.40481376056649415 0.52751363542076468 -0.045017750578546713 0.58864464957971696 0.41113443215406775 0.15948118452807578 -0.32117028688568949 -0.53867026094838222 0.48885000494004388 -0.055760098650270123 -0.23331599337635231 0.051095888103621985 -0.53589023880604292 0.020317526870856265 0.36652360589826916 -0.18739873085079053 -0.33525497054694642 0.56848956179986565 -0.12648017682683538 0.25069633247316186 0.30475954187426391 0.50563876889866921 -0.33046754042319854 -0.27421932381718894 -0.11388895786558571 0.3770716229076097 0.67589292911848109 -0.018630423711463902 -0.24343059315616022 0.15619244965030074 -0.55031475212107472 -0.5340937916390327 -0.15139840308170269 -0.45698221512853637 0.014464627200028843 0.67155373579888467 -0.23382038722770554 -0.016510568197901355 0.54535246903129286 0.037763854579797647 0.51942798279783764 0.18651749369605389 0.635309998625882 0.36487735235704977 0.018078670744335758 -0.71506544867563182 0.20163797207139245 -0.25260795222425197 0.26037526145221301 0.23040924802134694 0.55664955004193239 0.13114741172544467 -0.040796228382497968 0.14242299166640368 -0.32655260132526154 -0.15978674259356027 -0.501579759046203 0.20405489016189418 0.92956479116943924
-1.1828269176705866 -0.62516166610940815 -0.50089752993035785 0.24337525710909477 0.00086489329286230129 0.12758130508242541 -0.22550355811154787 1.3203178898731156 0.37875736221220035 0.74197418349442579 -0.63787613209528848 -0.079091901750223043 0.63297341535751017 -0.61534608414304082 0.20430263722528824 0.55797492983172625 -1.2848270141064861 -0.075099927275543557 0.78715398692060767 -0.41840130021308336 -0.56537194119836187 -0.19142324445380421 1.3053091637368444 0.56057647938162491 0.27362464403098341 -0.95740813191372121 -0.14226321436240466 -0.0082386386319061675 0.64885596990175376 -0.26910799253666479 1.1705549404028679 0.71241398937974121 0.33574166495945174 0.27074683349477463 -1.0287380715840684 0.026407999312259994 -0.55175723119251574 0.34345643089159034 0.059656727383397147 -0.23528237362809482 -0.034031279179084599 0.0029514614012061996 0.49909480074659823 0.23172967899235186 1.0715594831937627 -0.12743309230337718 0.048547939661584542 -0.96467997674760353 -0.1489369664650681 0.24429895403136118 -0.47149566817199678 0.56401322991163705 0.036401919190917488 1.1128283600681956 0.4636965201681934 -0.40221677142980461 0.32153949588740477 -0.50177022195357013 0.025642828519874771 -0.077390279035052217 0.71236891108502098 -0.32018996603602295 0.031286858423281771 -0.53967544090807185 -0.35731251165589312 0.64860714364046457 0.73534199911506204 -0.066689662681158571 -0.043885147094356536 -0.69845547773980676 -0.055760098650270123 -0.53630007461800466 -0.7831429135805249 0.17544272406069492 -0.69515425582245516 -0.54649941123260037 0.29409078561320529 -0.33525497054694642 -1.0897438431135276 -0.41414650646272616 0.25069633247316186 0.30475954187426391 -0.21384969080266922 -0.085287058827588108 -0.025784088623724839 0.37369561143816843 0.70374111118298255 -0.063113112174739139 0.79175047717920699 0.092516042878904151 -0.88969368138635563 -0.044477017225114747 0.83414783335647547 0.62084682721477769 -0.19237045184319654 1.6907676292900025 -1.6403928307226312 -0.57260493133481216 1.2353471977878221 0.051406837213090729 -0.20029054527968088 -0.19432291854518685 0.44109686619974298 0.37463016378590236 -0.60870969386073692 -0.60723840597318635 -0.23708263012053499 -0.55863763749898721 -0.25260795222425197 -0.21895242474265225 0.78563401933615196 -0.16780353604029133 -0.55864339093991389 -0.30857979052160905 -0.56623734656382629 0.78464035002718757 0.54834729715539876 -0.85141607815657849 -0.55567835882534566 -0.27027576171236872
-0.22785871694617243 -0.14711989739948098 0.060818739613656074 -0.44630492712058867 -0.62427037777561156 0.98771095989665003 -0.22550355811154787 -0.13074107629760326 -0.80233676221132688 -1.2837342449326197 0.15463301499994642 0.41190052180070102 -0.78927550120644729 1.3174287108593454 0.022816047111998975 -0.057535516124987862 -0.32947623347957572 -0.96791490580025874 0.38252364643028675 -0.93149759234093932 -0.68825610092924239 0.28977546973840435 0.69962932770351038 0.088254916336378747 0.001641231768425719 -0.19581278040344188 -0.28758429496899368 -0.71535741846428114 0.18245545461410792 -0.26910799253666479 -0.26901818520439608 -0.96195184428960701 0.071008962182382993 0.4067587288784319 -0.084257197062835049 0.2748065292493288 -0.55175723119251574 -0.77505176118730856 -0.10467584787957733 -0.049749351165734854 -0.6539174358441322 0.31977075931058996 0.49909480074659823 -0.045703442548176966 0.18439550088518139 -0.27395491372885822 1.0370736140003094 1.3137498094325497 0.025641106215995798 0.60308875835110642 0.35346224492567757 0.56401322991163705 -0.59451876497988032 0.98478759980778363 0.21096324692043866 -0.11595082239941744 -0.50820726009421402 0.62014438014875251 0.1812392075902699 -0.32297415202079138 0.71236891108502098 -0.68269182933728145 0.27940024692202325 0.078646672003834628 -0.23906786650144179 0.1736617206676706 -0.56034483370565735 0.18779096152337268 -0.29127770402136938 0.19202363427008126 0.10815086232642218 0.22116012848612604 -0.36602351273845146 -0.53589023880604292 -0.21817306736024758 -0.24215840552231041 0.29409078561320529 -0.070469211756842828 0.92382529142416425 0.30501931762700063 -0.82650019845908429 -0.38397757085067374 0.26580928233155632 -0.69823826281661427 0.098433528973007292 -0.35768124251746269 -0.60293684191850905 -0.3094484592724791 -0.018630423711463902 0.93238263296656521 -0.88969368138635563 -0.17093645094910465 0.013202858359170618 0.23472421206653749 0.07224131144214363 -0.10527130152068362 -0.22753659562614922 -0.57260493133481216 -0.17299278894611675 0.29837965312219183 -0.20029054527968088 0.51942798279783764 0.18651749369605389 -0.27706942331404733 0.36487735235704977 0.17440793992371609 0.4798915977121101 -0.17849983271379738 0.22471033607924817 1.3388625553906597 -0.04720313763605577 -0.047061355026587356 2.0280721190551807 -0.44247157159116457 0.26053304803810856 -0.04875436348714917 0.076257937322759387 -0.501579759046203 0.20405489016189418 -0.27027576171236872
-0.94408486748948306 -0.62516166610940815 0.62253500915767013 -0.032496816582778684 -0.24918921513452719 1.5037887527851848 -0.94154333611291141 -0.61442739835450955 0.61497618709690594 -0.92625628697490581 -1.2718834497714762 0.41190052180070102 -0.31519252901846151 -0.61534608414304082 0.56727581745186695 -0.42684178369901626 -0.32947623347957572 0.94526004818127407 -0.83136737504067593 2.1470801604261971 -0.31960362173660084 -0.4320226015499084 0.33622142608351002 1.5052196054721176 0.81759146855609832 -0.95740813191372121 0.14837894685077346 -1.4224761982966561 -1.2167460912488297 -0.9889029480009125 -0.26901818520439608 0.47321887028411991 0.071008962182382993 0.81479441502940353 0.62410345882808982 1.0200021190605348 -0.55175723119251574 -0.77505176118730856 -0.59767357366850082 -0.60634841855281529 -0.28198574184510361 -0.63068713441756119 0.49909480074659823 0.78659592207340912 -0.70276848142340009 -0.71352037800530133 -0.44571489750777771 -0.20520338135421912 -0.4980931118271964 0.24429895403136118 -0.70719792905704648 0.56401322991163705 0.54113846652755582 -0.16757924253592552 -1.305436392566089 -1.8335465165817395 0.55860999759643881 -0.50177022195357013 0.64802834480145566 -0.32297415202079138 0.71236891108502098 -1.770197419241057 0.27940024692202325 0.44963993975097849 0.11566606896191203 1.5984979895860527 0.73534199911506204 0.18779096152337268 -1.033455374802408 0.19202363427008126 -0.38358202060365515 0.67563625034860442 0.88533468978776875 -0.53589023880604292 -0.21817306736024758 -1.15518142265318 1.0163250603091989 -0.86482648812715346 -0.85285335669732842 0.73651881208083658 0.25069633247316186 0.85574923205421416 0.26580928233155632 0.40507390436363289 -1.0195250293975815 0.37369561143816843 -0.60293684191850905 -1.0484545005656991 0.79175047717920699 -0.57937722919122459 -0.88969368138635563 -0.55031475212107472 0.013202858359170618 2.1653372878077382 -0.72159397841387651 0.25393648464145357 0.15778783212743677 0.44374870098650765 -0.64243945119076307 -0.44253879460511109 -0.91445374485811615 -0.90807381988821134 -0.57722062381501305 0.89598983346586192 -0.60870969386073692 -0.29457986761442534 -0.95405685795318007 0.20163797207139245 0.94068776853449831 -0.4586162678400848 -0.04720313763605577 1.7640713601789715 0.47604281305812401 -0.040796228382497968 1.3235235553834532 -0.88214907700148593 0.78439197707171859 0.54792919828492326 0.20405489016189418 -0.27027576171236872
-0.22785871694617243 -0.62516166610940815 -0.50089752993035785 -0.032496816582778684 1.2511354354298101 -0.56052241876895426 0.49053621988981572 0.35294524575930303 0.61497618709690594 -0.92625628697490581 0.63013850325708731 0.41190052180070102 0.63297341535751017 -0.61534608414304082 1.6561953581316027 0.31177075144904054 0.6258745471473347 0.94526004818127407 0.78715398692060767 0.60779128404262872 -0.31960362173660084 -0.4320226015499084 0.33622142608351002 0.088254916336378747 0.81759146855609832 0.5657825711068375 1.0203054304903079 0.69888014120046871 -0.28394506067353797 -0.26910799253666479 -0.26901818520439608 0.47321887028411991 0.86520707051358892 -0.0012769572725397041 0.62410345882808982 0.2748065292493288 0.492377721598516 0.90271052693103992 0.38832187790934619 0.50684971622134556 0.46187764615295357 0.31977075931058996 0.49909480074659823 -0.87800280716976309 0.18439550088518139 -0.71352037800530133 0.29567935824626584 -0.96467997674760353 0.549375324259188 0.24429895403136118 -9.1146401897139671e-05 0.56401322991163705 0.54113846652755582 -0.93582380409839827 -0.54723657282282523 -0.11595082239941744 1.2698215027235407 -0.50177022195357013 -0.28554992962091591 -0.32297415202079138 -1.0475825876835665 1.1298174871690112 -0.46493991857420081 1.1916264752452661 0.11566606896191203 0.1736617206676706 -0.12844922276541756 0.18779096152337268 -1.033455374802408 -0.69845547773980676 0.59988374525649957 0.67563625034860442 0.88533468978776875 -0.53589023880604292 -0.21817306736024758 0.67086461160855915 0.29409078561320529 -0.070469211756842828 0.56848956179986565 -0.12648017682683538 -1.185565708769833 -0.79721983848563638 0.98529774203289455 0.40507390436363289 0.47108638176320355 -1.0890580964730938 1.3570800877337283 1.1685636233139609 -0.82901132460213489 -0.57937722919122459 -0.88969368138635563 0.20844185022286538 0.013202858359170618 0.62084682721477769 0.86607660129816377 0.25393648464145357 -0.61286102337973525 -0.57260493133481216 -0.64243945119076307 1.0392981008494948 1.2280358538771896 0.51942798279783764 0.18651749369605389 -0.66808917557401704 -0.60870969386073692 0.64339574746185746 -0.23708263012053499 0.20163797207139245 -0.49126709637600191 -0.4586162678400848 -0.04720313763605577 0.31516518801452442 1.510729017056162 -0.84414691479983117 -1.5111177975374659 0.78464035002718757 0.076257937322759387 0.54792919828492326 0.20405489016189418 0.44962857001671613
0.72710948377824181 -0.62516166610940815 -0.50089752993035785 0.24337525710909477 0.00086489329286230129 0.12758130508242541 0.25185629388936104 0.67540279379724055 -0.56611793732662141 -0.6879376483364299 0.63013850325708731 0.41190052180070102 0.00086278577352920133 0.028912180857754571 -0.52164372322786889 0.065566573066354827 0.6258745471473347 0.4350800604528654 0.78715398692060767 -0.41840130021308336 -0.07383530227483992 -0.67262195864601271 -0.6328663115698242 -0.38406664670886764 -0.27034218049413195 -0.44967789757353499 -0.14226321436240466 0.93458640114459379 0.026988616184892757 -0.26910799253666479 0.21083952333135847 0.23402375118849864 0.86520707051358892 0.27074683349477463 0.86022367745839823 0.52320505918639759 1.5365126743895476 0.34345643089159034 0.71698702843529516 0.50684971622134556 0.95778657148499158 -0.63068713441756119 -0.25196345404048626 0.78659592207340912 0.48011682832137514 -0.71352037800530133 -0.93997773467714008 0.047955483776908982 0.549375324259188 -0.71247385748795955 0.47131337536820234 0.56401322991163705 1.0458750138641939 1.1128283600681956 -1.5581696658138438 0.17031512663096973 0.32153949588740477 0.99411591418285994 0.64802834480145566 0.41377746693642631 0.71236891108502098 0.16314585169898832 0.52751363542076468 -0.045017750578546713 0.11566606896191203 -0.77622912527791754 -0.41637963005891093 0.95123283413696613 -0.043885147094356536 -0.10480273639988145 0.59988374525649957 -1.7482363995846137 -0.7831429135805249 -0.53589023880604292 -0.69515425582245516 0.062182600187979588 -0.18739873085079053 0.19431654703326068 0.80538004821606479 -1.5648118250062888 0.25069633247316186 -0.24623014830568621 -0.6935086639368947 -0.085287058827588108 -0.52265455901065316 -0.11388895786558571 -0.60293684191850905 0.92222827621622083 -0.28875739067502093 -0.57937722919122459 0.67913551516862902 -0.044477017225114747 -0.26044546663993107 1.6505071342767517 0.33685307472748383 -1.1828946600070953 -0.099095119708287341 -0.57260493133481216 -0.64243945119076307 1.0392981008494948 0.27581825443927582 -0.19432291854518685 0.95025561120712077 -0.14672950589405753 0.68940636776297859 0.018078670744335758 0.71888300698965857 0.9619135816417721 -0.25260795222425197 -1.1776077971323826 -0.32481552329345847 -0.65077226009510702 0.13114741172544467 0.76255445803483524 -0.093797121077006343 -0.32655260132526154 -0.39583142250988013 -0.1517434399358274 -1.0621671914835056 -0.27027576171236872
0.24962538341603452 -0.62516166610940815 -0.50089752993035785 0.24337525710909477 0.50097311014764145 -0.56052241876895426 1.2065759978911792 -0.61442739835450955 0.85119501198161152 -0.21130037105947802 -0.63787613209528848 -0.079091901750223043 0.00086278577352920133 0.67317044585855002 -0.52164372322786889 0.065566573066354827 0.6258745471473347 0.94526004818127407 1.3266611075743688 0.60779128404262872 -0.56537194119836187 -0.19142324445380421 0.82076529491017702 1.0328980424268714 -0.27034218049413195 0.058052336766651176 -0.14226321436240466 -0.0082386386319061675 0.026988616184892757 0.21075531110616691 0.69069723186711329 0.71241398937974121 -0.7231891461488229 -0.817348329574483 0.38798324019778146 0.52320505918639759 0.14433273733483873 0.34345643089159034 -0.59767357366850082 -0.23528237362809482 0.95778657148499158 0.63659005721997364 0.49909480074659823 -0.87800280716976309 1.0715594831937627 0.45865419339854702 -0.93997773467714008 0.047955483776908982 -0.84724925718932464 -0.2340874517282992 -9.1146401897139671e-05 0.056501771528089481 -0.973071175482359 0.088502277984898695 -0.041770026327316058 0.74284702469174368 -1.100883514366799 0.24617284611464491 -0.59674268776170658 -0.56855802500653063 0.12571841149549204 0.16314585169898832 0.031286858423281771 0.44963993975097849 0.11566606896191203 -0.30128370230512347 0.15948118452807578 -0.57565091109022071 -0.53867026094838222 -0.69845547773980676 -0.055760098650270123 0.069668087865300057 -0.22698371245776033 -0.53589023880604292 -0.69515425582245516 -0.54649941123260037 -0.18739873085079053 -0.86482648812715346 0.33159907538366656 -0.98947916573450734 -0.22805768127450315 0.85574923205421416 1.2251272286000074 -0.57564802201880905 -0.025784088623724839 -0.60147352716933977 0.050402134632236757 -0.55578380637021918 0.25149654325209303 -0.57937722919122459 0.15619244965030074 0.46136071767084552 -0.26044546663993107 -0.40881347984719618 0.33685307472748383 0.25393648464145357 -0.61286102337973525 1.4601023333078276 0.60941831479496034 0.54535246903129286 0.27581825443927582 0.75734494991217916 -0.068061878807635187 0.37463016378590236 0.040348336951120847 -0.60723840597318635 -0.71506544867563182 -1.0654880438792405 0.70202862438274816 0.73970294764707811 0.23040924802134694 0.31516518801452442 0.13114741172544467 -0.84414691479983117 0.85108332989663349 -0.32655260132526154 -0.39583142250988013 -0.1517434399358274 0.45729930649097428 0.20966045944035441
